Row, Col, Ala, Ala %SD, Ala/Cr+PCr, Asp, Asp %SD, Asp/Cr+PCr, Cr, Cr %SD, Cr/Cr+PCr, PCr, PCr %SD, PCr/Cr+PCr, GABA, GABA %SD, GABA/Cr+PCr, Glc, Glc %SD, Glc/Cr+PCr, Gln, Gln %SD, Gln/Cr+PCr, Glu, Glu %SD, Glu/Cr+PCr, GPC, GPC %SD, GPC/Cr+PCr, PCh, PCh %SD, PCh/Cr+PCr, GSH, GSH %SD, GSH/Cr+PCr, Ins, Ins %SD, Ins/Cr+PCr, Lac, Lac %SD, Lac/Cr+PCr, NAA, NAA %SD, NAA/Cr+PCr, NAAG, NAAG %SD, NAAG/Cr+PCr, Scyllo, Scyllo %SD, Scyllo/Cr+PCr, Tau, Tau %SD, Tau/Cr+PCr, -CrCH2, -CrCH2 %SD, -CrCH2/Cr+PCr, GPC+PCh, GPC+PCh %SD, GPC+PCh/Cr+PCr, NAA+NAAG, NAA+NAAG %SD, NAA+NAAG/Cr+PCr, Cr+PCr, Cr+PCr %SD, Cr+PCr/Cr+PCr, Glu+Gln, Glu+Gln %SD, Glu+Gln/Cr+PCr, Lip13a, Lip13a %SD, Lip13a/Cr+PCr, Lip13b, Lip13b %SD, Lip13b/Cr+PCr, Lip09, Lip09 %SD, Lip09/Cr+PCr, MM09, MM09 %SD, MM09/Cr+PCr, Lip20, Lip20 %SD, Lip20/Cr+PCr, MM20, MM20 %SD, MM20/Cr+PCr, MM12, MM12 %SD, MM12/Cr+PCr, MM14, MM14 %SD, MM14/Cr+PCr, MM17, MM17 %SD, MM17/Cr+PCr, Lip13a+Lip13b, Lip13a+Lip13b %SD, Lip13a+Lip13b/Cr+PCr, MM14+Lip13a+L, MM14+Lip13a+L %SD, MM14+Lip13a+L/Cr+PCr, MM09+Lip09, MM09+Lip09 %SD, MM09+Lip09/Cr+PCr, MM20+Lip20, MM20+Lip20 %SD, MM20+Lip20/Cr+PCr
  8,   8,    0.000,  999,    0.000,  161.078,  136,  9.8E-02,  481.846,   41,    0.294, 1.16E+03,   17,    0.706,    0.000,  999,    0.000,   23.056,  621,  1.4E-02,  821.702,   25,    0.502, 1.35E+03,   17,    0.823,  591.622,    4,    0.361,    0.000,  999,    0.000,  411.129,   17,    0.251,  290.315,   85,    0.177,  135.991,   82,  8.3E-02, 1.72E+03,    5,    1.053,   89.765,   99,  5.5E-02,   17.760,  149,  1.1E-02,    0.000,  999,    0.000,    0.000,  999,    0.000,  591.622,    4,    0.361, 1.81E+03,    4,    1.108, 1.64E+03,    3,    1.000, 2.17E+03,   14,    1.325, 3.86E+03,   15,    2.358,    0.000,  999,    0.000,  730.115,   53,    0.446,  821.361,   41,    0.502,  946.464,   33,    0.578, 1.75E+03,   25,    1.067,  225.302,   91,    0.138,   89.253,  399,  5.4E-02, 1.39E+03,   16,    0.847, 3.86E+03,   15,    2.358, 4.18E+03,   13,    2.550, 1.55E+03,   15,    0.947, 2.69E+03,   15,    1.645
  7,   7,    0.000,  999,    0.000,   81.739,  296,  4.7E-02,  171.612,  167,  9.8E-02, 1.58E+03,   19,    0.902,    0.000,  999,    0.000,    6.393,  999,  3.7E-03,  603.838,   46,    0.346, 1.31E+03,   23,    0.751,  686.749,    4,    0.393,    0.000,  999,    0.000,  465.134,   19,    0.266,  588.638,   51,    0.337,  230.954,  122,    0.132, 1.92E+03,    6,    1.098,  177.965,   80,    0.102,   33.863,   89,  1.9E-02,    0.000,  999,    0.000,    0.000,  999,    0.000,  686.749,    4,    0.393, 2.10E+03,    4,    1.199, 1.75E+03,    4,    1.000, 1.92E+03,   24,    1.097,    0.000,  999,    0.000,  929.348,   35,    0.532,    0.000,  999,    0.000, 1.14E+03,   19,    0.653,  163.987,   84,  9.4E-02, 2.71E+03,   16,    1.549,  314.372,   51,    0.180, 2.60E+03,   17,    1.486, 2.13E+03,   15,    1.221,  929.348,   35,    0.532, 3.84E+03,   14,    2.198, 1.14E+03,   19,    0.653, 2.87E+03,   15,    1.643
  7,   8,   67.633,  156,  4.4E-02,  150.797,  137,  9.8E-02,  327.889,   64,    0.212, 1.22E+03,   18,    0.788,    0.000,  999,    0.000,    5.214,  999,  3.4E-03,  621.295,   34,    0.402, 1.01E+03,   23,    0.651,  580.737,    4,    0.376,    0.000,  999,    0.000,  293.004,   24,    0.190,  178.328,  141,    0.115,  240.387,   62,    0.156, 1.53E+03,    6,    0.989,  132.486,   70,  8.6E-02,   42.381,   62,  2.7E-02,    0.000,  999,    0.000,    0.000,  999,    0.000,  580.737,    4,    0.376, 1.66E+03,    5,    1.075, 1.54E+03,    4,    1.000, 1.63E+03,   20,    1.054, 2.92E+03,   32,    1.889,  739.393,   32,    0.479,  280.111,  140,    0.181,  868.295,   40,    0.562,  705.670,   40,    0.457, 1.63E+03,   28,    1.058,  287.795,   62,    0.186, 1.74E+03,   26,    1.126,  884.077,   32,    0.573, 3.66E+03,   23,    2.368, 5.68E+03,   13,    3.680, 1.15E+03,   22,    0.744, 2.34E+03,   18,    1.515
  7,   9,   71.392,  182,  3.3E-02,  154.220,  174,  7.2E-02,  411.976,   67,    0.191, 1.74E+03,   16,    0.809,    0.000,  999,    0.000,    0.000,  999,    0.000, 1.33E+03,   21,    0.618, 1.68E+03,   18,    0.782,  811.521,    3,    0.377,    0.000,  999,    0.000,  399.734,   21,    0.186,  618.774,   47,    0.287,    0.000,  999,    0.000, 2.59E+03,    3,    1.202,    0.000,  999,    0.000,   65.497,   48,  3.0E-02,    0.000,  999,    0.000,    0.000,  999,    0.000,  811.521,    3,    0.377, 2.59E+03,    3,    1.202, 2.15E+03,    3,    1.000, 3.01E+03,   15,    1.400,    0.000,  999,    0.000,  287.432,   43,    0.133,   41.583,  197,  1.9E-02, 1.24E+03,   18,    0.578,   55.123,  101,  2.6E-02, 2.63E+03,   15,    1.223,  338.764,   41,    0.157, 1.49E+03,   22,    0.694,  745.920,   33,    0.346,  287.432,   43,    0.133, 2.12E+03,   18,    0.985, 1.29E+03,   17,    0.597, 2.69E+03,   15,    1.249
  8,   7,    0.000,  999,    0.000,  178.005,  131,    0.107,  747.641,   35,    0.450,  912.864,   29,    0.550,   26.811,  592,  1.6E-02,    0.000,  999,    0.000,  707.940,   38,    0.426, 1.69E+03,   19,    1.016,  629.106,    4,    0.379,    0.000,  999,    0.000,  525.047,   16,    0.316,  698.901,   41,    0.421,   85.049,  199,  5.1E-02, 1.81E+03,    7,    1.090,  197.114,   68,    0.119,   57.196,   52,  3.4E-02,    0.000,  999,    0.000,    0.000,  999,    0.000,  629.106,    4,    0.379, 2.01E+03,    5,    1.208, 1.66E+03,    4,    1.000, 2.39E+03,   19,    1.442,  179.156,  847,    0.108, 1.36E+03,   96,    0.818,    0.000,  999,    0.000, 1.38E+03,   17,    0.829,  223.054,   96,    0.134, 2.74E+03,   16,    1.651,  434.538,   43,    0.262, 2.69E+03,   18,    1.619, 2.40E+03,   16,    1.444, 1.54E+03,   32,    0.926, 4.66E+03,   13,    2.806, 1.38E+03,   17,    0.829, 2.96E+03,   15,    1.785
  8,   9,    0.000,  999,    0.000,  164.168,  146,  8.7E-02,  715.580,   31,    0.379, 1.17E+03,   19,    0.621,    0.000,  999,    0.000,    0.000,  999,    0.000,  653.018,   33,    0.346, 1.73E+03,   14,    0.918,  760.833,    3,    0.403,    0.000,  999,    0.000,  321.047,   22,    0.170,  794.845,   31,    0.421,    3.066,  999,  1.6E-03, 2.29E+03,    4,    1.213,   62.111,  178,  3.3E-02,   73.562,   37,  3.9E-02,    0.000,  999,    0.000,    0.000,  999,    0.000,  760.833,    3,    0.403, 2.35E+03,    4,    1.246, 1.89E+03,    3,    1.000, 2.39E+03,   14,    1.264,  217.705,  162,    0.115,    0.000,  999,    0.000,   22.376,  630,  1.2E-02, 1.24E+03,   19,    0.656,   47.373,  191,  2.5E-02, 2.57E+03,   15,    1.363,  415.632,   41,    0.220,  321.519,   94,    0.170,  891.634,   27,    0.472,  217.705,  162,    0.115,  954.856,   41,    0.506, 1.26E+03,   17,    0.668, 2.62E+03,   15,    1.389
  9,   7,    0.000,  999,    0.000,  139.477,  182,  7.9E-02,  869.252,   23,    0.492,  896.533,   22,    0.508,   55.216,  296,  3.1E-02,   22.649,  727,  1.3E-02,  911.438,   28,    0.516, 1.87E+03,   16,    1.061,  672.734,    4,    0.381,    0.000,  999,    0.000,  717.735,   12,    0.406, 1.47E+03,   20,    0.830,  313.753,   44,    0.178, 2.08E+03,    5,    1.175,   27.522,  404,  1.6E-02,   74.240,   41,  4.2E-02,    0.000,  999,    0.000,    0.000,  999,    0.000,  672.734,    4,    0.381, 2.10E+03,    4,    1.191, 1.77E+03,    4,    1.000, 2.78E+03,   15,    1.577, 3.09E+03,   18,    1.748,    0.000,  999,    0.000,  116.039,  303,  6.6E-02, 1.65E+03,   22,    0.933,  295.102,   92,    0.167, 2.79E+03,   17,    1.577,  661.248,   34,    0.374, 2.73E+03,   14,    1.549, 2.04E+03,   13,    1.158, 3.09E+03,   18,    1.748, 6.48E+03,    7,    3.671, 1.76E+03,   13,    0.999, 3.08E+03,   15,    1.744
  9,   8,    0.000,  999,    0.000,  100.060,  227,  5.6E-02,  811.700,   24,    0.455,  970.968,   20,    0.545,    0.000,  999,    0.000,    0.000,  999,    0.000,  322.237,   61,    0.181, 1.59E+03,   14,    0.892,  661.573,    3,    0.371,    0.000,  999,    0.000,  543.874,   13,    0.305, 1.00E+03,   23,    0.563,  244.259,   43,    0.137, 1.92E+03,    5,    1.075,  168.990,   62,  9.5E-02,   27.950,   92,  1.6E-02,    0.000,  999,    0.000,    0.000,  999,    0.000,  661.573,    3,    0.371, 2.08E+03,    4,    1.170, 1.78E+03,    3,    1.000, 1.91E+03,   16,    1.072, 1.98E+03,   29,    1.108,    0.000,  999,    0.000,  376.222,   75,    0.211, 1.15E+03,   26,    0.644,  416.456,   48,    0.234, 2.22E+03,   19,    1.247,  444.245,   45,    0.249,  156.825,  224,  8.8E-02, 1.01E+03,   24,    0.568, 1.98E+03,   29,    1.108, 2.58E+03,   20,    1.446, 1.52E+03,   15,    0.855, 2.64E+03,   15,    1.480
  9,   9,   42.337,  219,  2.2E-02,  164.214,  142,  8.6E-02,  902.471,   21,    0.473, 1.01E+03,   19,    0.527,    0.000,  999,    0.000,    0.000,  999,    0.000,  323.455,   59,    0.169, 1.79E+03,   12,    0.937,  747.301,    3,    0.391,    0.000,  999,    0.000,  482.077,   14,    0.253,  994.337,   23,    0.521,  101.981,   97,  5.3E-02, 2.18E+03,    5,    1.144,  343.619,   29,    0.180,   62.022,   42,  3.2E-02,    0.000,  999,    0.000,    0.000,  999,    0.000,  747.301,    3,    0.391, 2.53E+03,    3,    1.324, 1.91E+03,    3,    1.000, 2.11E+03,   14,    1.106,    0.000,  999,    0.000,    0.000,  999,    0.000,    0.000,  999,    0.000, 1.65E+03,   13,    0.862,    3.336,  999,  1.7E-03, 3.52E+03,   11,    1.845,  519.445,   34,    0.272,    0.000,  999,    0.000, 1.18E+03,   22,    0.619,    0.000,  999,    0.000,  519.445,   34,    0.272, 1.65E+03,   13,    0.862, 3.53E+03,   11,    1.847
  6,   6,    5.600,  999,  2.8E-03,    0.000,  999,    0.000, 1.50E+03,   12,    0.760,  474.290,   39,    0.240,    0.000,  999,    0.000,    0.000,  999,    0.000,  665.330,   34,    0.336, 1.85E+03,   14,    0.934,  744.819,    3,    0.376,    0.000,  999,    0.000,  439.787,   17,    0.222,  591.787,   44,    0.299,  229.707,   52,    0.116, 2.37E+03,    4,    1.199,  180.619,   56,  9.1E-02,   48.143,   59,  2.4E-02,    0.000,  999,    0.000,    0.000,  999,    0.000,  744.819,    3,    0.376, 2.55E+03,    3,    1.290, 1.98E+03,    3,    1.000, 2.51E+03,   14,    1.270, 1.78E+03,   37,    0.898,    0.000,  999,    0.000,  321.073,   95,    0.162, 1.59E+03,   21,    0.801,  316.167,   65,    0.160, 3.53E+03,   13,    1.787,  515.405,   44,    0.261, 1.10E+03,   37,    0.554,    0.000,  999,    0.000, 1.78E+03,   37,    0.898, 3.39E+03,   15,    1.712, 1.91E+03,   13,    0.964, 3.85E+03,   11,    1.946
  6,   7,  109.064,  119,  5.7E-02,   47.803,  509,  2.5E-02,  485.957,   51,    0.255, 1.42E+03,   18,    0.745,    0.000,  999,    0.000,    0.000,  999,    0.000,  644.928,   40,    0.338, 1.45E+03,   20,    0.759,  714.377,    4,    0.374,    0.000,  999,    0.000,  527.884,   15,    0.277,  859.577,   34,    0.451,  575.365,   30,    0.302, 2.07E+03,    6,    1.082,   18.624,  665,  9.8E-03,   41.331,   75,  2.2E-02,    0.000,  999,    0.000,    0.000,  999,    0.000,  714.377,    4,    0.374, 2.08E+03,    4,    1.092, 1.91E+03,    4,    1.000, 2.09E+03,   20,    1.097,    0.000,  999,    0.000, 1.06E+03,   36,    0.556,    0.000,  999,    0.000, 1.33E+03,   18,    0.695,  156.180,   90,  8.2E-02, 2.98E+03,   14,    1.563,  392.056,   38,    0.206, 3.14E+03,   14,    1.648, 1.87E+03,   17,    0.980, 1.06E+03,   36,    0.556, 4.60E+03,   12,    2.409, 1.33E+03,   18,    0.695, 3.14E+03,   13,    1.645
  6,   8,    0.000,  999,    0.000,    0.000,  999,    0.000,  342.358,   69,    0.195, 1.41E+03,   17,    0.805,    0.000,  999,    0.000,    0.000,  999,    0.000,  497.133,   49,    0.283, 1.07E+03,   25,    0.612,  634.334,    4,    0.362,    0.000,  999,    0.000,  435.726,   17,    0.248,  520.676,   54,    0.297,  494.806,   42,    0.282, 1.62E+03,    4,    0.926,    0.000,  999,    0.000,   36.724,   78,  2.1E-02,    0.000,  999,    0.000,    0.000,  999,    0.000,  634.334,    4,    0.362, 1.62E+03,    4,    0.926, 1.75E+03,    3,    1.000, 1.57E+03,   25,    0.895,    0.000,  999,    0.000, 2.21E+03,   27,    1.258,  471.078,   65,    0.269, 1.22E+03,   28,    0.698,  387.017,   52,    0.221, 2.69E+03,   17,    1.533,  327.715,   73,    0.187, 2.12E+03,   25,    1.209,  414.547,   70,    0.236, 2.21E+03,   27,    1.258, 4.66E+03,   12,    2.654, 1.69E+03,   16,    0.966, 3.08E+03,   14,    1.753
  6,   9,    0.000,  999,    0.000,  206.138,  127,  9.8E-02,  492.811,   44,    0.235, 1.61E+03,   14,    0.765,    0.000,  999,    0.000,    0.000,  999,    0.000,  755.164,   35,    0.359, 1.80E+03,   16,    0.857,  803.418,    3,    0.382,    0.000,  999,    0.000,  469.482,   17,    0.223,  807.913,   37,    0.385,    0.000,  999,    0.000, 2.43E+03,    4,    1.157,   69.884,  155,  3.3E-02,   86.778,   37,  4.1E-02,    0.000,  999,    0.000,    0.000,  999,    0.000,  803.418,    3,    0.382, 2.50E+03,    3,    1.191, 2.10E+03,    3,    1.000, 2.56E+03,   16,    1.216,    0.000,  999,    0.000,  351.187,   33,    0.167,   71.286,   84,  3.4E-02, 1.14E+03,   17,    0.545,   60.409,   66,  2.9E-02, 2.67E+03,   13,    1.269,  278.758,   40,    0.133,  433.787,   60,    0.206,  774.528,   26,    0.369,  351.187,   33,    0.167, 1.06E+03,   31,    0.506, 1.22E+03,   16,    0.579, 2.73E+03,   13,    1.297
  6,  10,  295.983,   35,    0.147,    0.000,  999,    0.000,  681.230,   30,    0.337, 1.34E+03,   16,    0.663,    0.000,  999,    0.000,    0.000,  999,    0.000,  824.709,   25,    0.408, 1.85E+03,   13,    0.917,  753.745,    3,    0.373,    0.000,  999,    0.000,  571.221,   12,    0.283, 1.17E+03,   20,    0.578,    0.000,  999,    0.000, 2.59E+03,    3,    1.282,    0.000,  999,    0.000,  125.761,   20,  6.2E-02,    0.000,  999,    0.000,    0.000,  999,    0.000,  753.745,    3,    0.373, 2.59E+03,    3,    1.282, 2.02E+03,    3,    1.000, 2.68E+03,   12,    1.326, 3.13E+03,   28,    1.549,  666.518,   23,    0.330,  974.709,   40,    0.483, 1.20E+03,   32,    0.592,  501.265,   52,    0.248, 2.84E+03,   15,    1.408,  436.035,   72,    0.216, 1.24E+03,   37,    0.616, 1.21E+03,   24,    0.598, 3.79E+03,   22,    1.879, 5.47E+03,   10,    2.711, 2.17E+03,   11,    1.075, 3.34E+03,   12,    1.657
  7,   6,  174.064,   76,  8.4E-02,    0.000,  999,    0.000,  934.932,   29,    0.452, 1.13E+03,   24,    0.548,    0.000,  999,    0.000,    0.000,  999,    0.000,  746.253,   38,    0.361, 1.65E+03,   19,    0.796,  844.907,    3,    0.408,    0.000,  999,    0.000,  553.101,   16,    0.267,  970.241,   31,    0.469,    0.000,  999,    0.000, 2.69E+03,    3,    1.299,    0.000,  999,    0.000,   72.662,   45,  3.5E-02,    0.000,  999,    0.000,    0.000,  999,    0.000,  844.907,    3,    0.408, 2.69E+03,    3,    1.299, 2.07E+03,    3,    1.000, 2.39E+03,   19,    1.157,   94.189,  520,  4.6E-02,    0.000,  999,    0.000,   27.506,  562,  1.3E-02, 2.08E+03,   14,    1.003,   18.048,  509,  8.7E-03, 3.37E+03,   13,    1.628,  669.501,   43,    0.323,  919.516,   39,    0.444,    0.000,  999,    0.000,   94.189,  520,  4.6E-02, 1.68E+03,   24,    0.813, 2.10E+03,   12,    1.016, 3.39E+03,   13,    1.637
  7,  10,  210.229,   56,    0.110,    0.000,  999,    0.000,  892.585,   26,    0.468, 1.01E+03,   23,    0.532,    0.000,  999,    0.000,    0.000,  999,    0.000,  985.308,   24,    0.517, 2.26E+03,   12,    1.184,  730.011,    3,    0.383,    0.000,  999,    0.000,  488.525,   15,    0.256, 1.22E+03,   20,    0.643,   67.628,  189,  3.5E-02, 2.68E+03,    3,    1.408,    0.000,  999,    0.000,   95.356,   28,  5.0E-02,    0.000,  999,    0.000,    0.000,  999,    0.000,  730.011,    3,    0.383, 2.68E+03,    3,    1.408, 1.91E+03,    3,    1.000, 3.24E+03,   12,    1.702,  440.581,   99,    0.231,    0.000,  999,    0.000,   37.723,  459,  2.0E-02, 1.53E+03,   16,    0.802,   57.300,  193,  3.0E-02, 2.45E+03,   15,    1.286,  549.662,   33,    0.288, 2.65E+03,   16,    1.392, 1.67E+03,   18,    0.875,  440.581,   99,    0.231, 3.64E+03,   12,    1.911, 1.57E+03,   12,    0.822, 2.51E+03,   15,    1.316
  8,   6,    0.000,  999,    0.000,    0.000,  999,    0.000, 1.00E+03,   28,    0.499, 1.01E+03,   28,    0.501,    0.000,  999,    0.000,    0.000,  999,    0.000,  788.539,   37,    0.392, 1.80E+03,   18,    0.894,  876.281,    3,    0.436,    0.000,  999,    0.000,  623.579,   14,    0.310, 1.49E+03,   18,    0.739,    0.000,  999,    0.000, 2.47E+03,    6,    1.229,  172.187,   96,  8.6E-02,  110.524,   29,  5.5E-02,    0.000,  999,    0.000,    0.000,  999,    0.000,  876.281,    3,    0.436, 2.64E+03,    4,    1.314, 2.01E+03,    3,    1.000, 2.59E+03,   18,    1.286,    0.000,  999,    0.000,    0.000,  999,    0.000,    1.967,  999,  9.8E-04, 1.40E+03,   13,    0.696,    0.000,  999,    0.000, 2.30E+03,   15,    1.146,  470.716,   31,    0.234,    0.000,  999,    0.000,  332.502,   56,    0.165,    0.000,  999,    0.000,  470.716,   31,    0.234, 1.40E+03,   13,    0.697, 2.30E+03,   15,    1.146
  8,  10,   49.864,  209,  2.7E-02,   29.287,  832,  1.6E-02,  921.360,   22,    0.499,  926.453,   22,    0.501,    0.000,  999,    0.000,    0.000,  999,    0.000,  795.476,   27,    0.430, 2.03E+03,   12,    1.098,  785.751,    3,    0.425,    0.000,  999,    0.000,  491.775,   14,    0.266, 1.37E+03,   17,    0.739,    0.000,  999,    0.000, 2.46E+03,    4,    1.331,  178.973,   58,  9.7E-02,  132.923,   20,  7.2E-02,    0.000,  999,    0.000,    0.000,  999,    0.000,  785.751,    3,    0.425, 2.64E+03,    3,    1.428, 1.85E+03,    3,    1.000, 2.82E+03,   12,    1.528,  296.850,  115,    0.161,    0.000,  999,    0.000,    0.000,  999,    0.000, 1.68E+03,   12,    0.911,   10.740,  995,  5.8E-03, 2.61E+03,   14,    1.411,  614.955,   24,    0.333, 3.47E+03,   12,    1.878, 1.81E+03,   16,    0.978,  296.850,  115,    0.161, 4.38E+03,    9,    2.372, 1.68E+03,   12,    0.911, 2.62E+03,   14,    1.417
  9,   6,    0.000,  999,    0.000,    0.000,  999,    0.000,  816.256,   29,    0.437, 1.05E+03,   23,    0.563,    0.000,  999,    0.000,    0.000,  999,    0.000,  703.392,   35,    0.377, 1.68E+03,   16,    0.900,  787.406,    3,    0.422,    0.000,  999,    0.000,  511.286,   16,    0.274,  853.052,   33,    0.457,  128.491,   99,  6.9E-02, 2.24E+03,    5,    1.198,  279.988,   42,    0.150,   76.599,   40,  4.1E-02,    0.000,  999,    0.000,    0.000,  999,    0.000,  787.406,    3,    0.422, 2.52E+03,    4,    1.348, 1.87E+03,    3,    1.000, 2.38E+03,   16,    1.277,    0.000,  999,    0.000,    0.000,  999,    0.000,    0.000,  999,    0.000, 1.66E+03,   14,    0.889, 2.53E-03,  999,  1.4E-06, 3.69E+03,   12,    1.978,  301.588,   56,    0.162,    0.000,  999,    0.000,  986.214,   27,    0.528,    0.000,  999,    0.000,  301.588,   56,    0.162, 1.66E+03,   14,    0.889, 3.69E+03,   12,    1.978
  9,  10,  227.043,   39,    0.128,    0.000,  999,    0.000,  990.794,   17,    0.558,  784.080,   21,    0.442,    0.000,  999,    0.000,   29.791,  503,  1.7E-02,  562.289,   31,    0.317, 1.71E+03,   12,    0.963,  680.660,    3,    0.383,    0.000,  999,    0.000,  543.234,   12,    0.306, 1.38E+03,   15,    0.775,   41.343,  253,  2.3E-02, 2.19E+03,    4,    1.236,  273.517,   32,    0.154,  117.385,   20,  6.6E-02,    0.000,  999,    0.000,    0.000,  999,    0.000,  680.660,    3,    0.383, 2.47E+03,    3,    1.390, 1.77E+03,    3,    1.000, 2.27E+03,   12,    1.280, 1.22E+03,   60,    0.685,  258.070,   69,    0.145,  295.880,   90,    0.167, 1.67E+03,   19,    0.942,   86.054,  207,  4.8E-02, 2.56E+03,   14,    1.443,  622.637,   40,    0.351, 2.47E+03,   21,    1.390, 1.29E+03,   23,    0.728, 1.47E+03,   44,    0.831, 4.56E+03,   10,    2.571, 1.97E+03,   10,    1.109, 2.65E+03,   13,    1.492
 10,   6,    0.000,  999,    0.000,   34.987,  602,  1.9E-02,  885.600,   18,    0.485,  938.999,   17,    0.515,    0.000,  999,    0.000,    4.392,  999,  2.4E-03,  660.924,   25,    0.362, 1.74E+03,   11,    0.953,  718.841,    3,    0.394,    0.000,  999,    0.000,  512.762,   11,    0.281,  994.834,   20,    0.545,    0.000,  999,    0.000, 2.31E+03,    4,    1.265,  274.749,   34,    0.151,   66.093,   34,  3.6E-02,    0.000,  999,    0.000,    0.000,  999,    0.000,  718.841,    3,    0.394, 2.58E+03,    3,    1.416, 1.82E+03,    3,    1.000, 2.40E+03,   11,    1.315,    0.000,  999,    0.000,    0.000,  999,    0.000,    0.000,  999,    0.000, 1.54E+03,   12,    0.842,    0.511,  999,  2.8E-04, 3.35E+03,   10,    1.836,  371.583,   40,    0.204,    0.000,  999,    0.000,  772.048,   27,    0.423,    0.000,  999,    0.000,  371.583,   40,    0.204, 1.54E+03,   12,    0.842, 3.35E+03,   10,    1.836
 10,   7,    0.000,  999,    0.000,  205.749,  111,    0.116,  850.605,   23,    0.479,  923.455,   22,    0.521,    0.000,  999,    0.000,   19.227,  786,  1.1E-02,  590.853,   35,    0.333, 1.75E+03,   13,    0.986,  637.277,    4,    0.359,    0.000,  999,    0.000,  628.490,   11,    0.354, 1.46E+03,   17,    0.822,  134.135,   80,  7.6E-02, 2.16E+03,    5,    1.217,   11.286,  999,  6.4E-03,   70.584,   37,  4.0E-02,    0.000,  999,    0.000,    0.000,  999,    0.000,  637.277,    4,    0.359, 2.17E+03,    4,    1.223, 1.77E+03,    3,    1.000, 2.34E+03,   13,    1.319, 2.42E+03,   23,    1.366,    0.000,  999,    0.000,    0.000,  999,    0.000, 1.64E+03,   13,    0.923,  266.565,   88,    0.150, 3.25E+03,   13,    1.833,  585.503,   31,    0.330, 2.43E+03,   19,    1.369, 1.46E+03,   21,    0.825, 2.42E+03,   23,    1.366, 5.44E+03,    9,    3.065, 1.64E+03,   13,    0.923, 3.52E+03,   12,    1.983
 10,   8,    4.091,  999,  2.2E-03,   26.014,  824,  1.4E-02,  715.176,   26,    0.392, 1.11E+03,   17,    0.608,    0.000,  999,    0.000,    0.000,  999,    0.000,  476.495,   39,    0.261, 1.54E+03,   14,    0.840,  609.123,    3,    0.333,    0.000,  999,    0.000,  528.653,   12,    0.289,  998.106,   22,    0.546,  240.059,   41,    0.131, 1.86E+03,    5,    1.018,  259.498,   37,    0.142,   28.848,   83,  1.6E-02,    0.000,  999,    0.000,    0.000,  999,    0.000,  609.123,    3,    0.333, 2.12E+03,    4,    1.160, 1.83E+03,    3,    1.000, 2.01E+03,   14,    1.101,  697.858,   57,    0.382,    0.000,  999,    0.000,  131.806,  125,  7.2E-02, 1.11E+03,   21,    0.607,  129.148,   83,  7.1E-02, 2.42E+03,   15,    1.327,  389.640,   43,    0.213,  734.947,   40,    0.402,  285.552,   70,    0.156,  697.858,   57,    0.382, 1.82E+03,   20,    0.998, 1.24E+03,   15,    0.679, 2.55E+03,   14,    1.398
 10,   9,   41.104,  206,  2.1E-02,    0.000,  999,    0.000,  871.677,   20,    0.455, 1.05E+03,   17,    0.545,    0.000,  999,    0.000,    0.000,  999,    0.000,  258.850,   67,    0.135, 1.69E+03,   12,    0.884,  699.570,    3,    0.365,    0.000,  999,    0.000,  489.479,   13,    0.255, 1.01E+03,   20,    0.529,  171.534,   54,  8.9E-02, 2.10E+03,    5,    1.097,  485.197,   18,    0.253,   43.327,   55,  2.3E-02,    0.000,  999,    0.000,    0.000,  999,    0.000,  699.570,    3,    0.365, 2.59E+03,    3,    1.350, 1.92E+03,    3,    1.000, 1.95E+03,   14,    1.019,    0.000,  999,    0.000,  179.540,   56,  9.4E-02,   11.054,  847,  5.8E-03, 1.25E+03,   15,    0.650,   35.072,  186,  1.8E-02, 2.90E+03,   12,    1.512,  409.346,   34,    0.214,    0.000,  999,    0.000,  690.776,   31,    0.360,  179.540,   56,  9.4E-02,  588.886,   25,    0.307, 1.26E+03,   14,    0.656, 2.93E+03,   12,    1.531
 10,  10,  193.821,   42,    0.117,   55.231,  364,  3.3E-02,  816.163,   19,    0.493,  838.188,   18,    0.507,    0.000,  999,    0.000,   78.009,  175,  4.7E-02,  465.249,   36,    0.281, 1.49E+03,   13,    0.901,  592.240,    3,    0.358,    0.000,  999,    0.000,  458.323,   13,    0.277,  872.621,   22,    0.527,   32.573,  290,  2.0E-02, 2.04E+03,    4,    1.234,  323.852,   26,    0.196,   76.569,   28,  4.6E-02,    0.000,  999,    0.000,    0.000,  999,    0.000,  592.240,    3,    0.358, 2.37E+03,    3,    1.430, 1.65E+03,    3,    1.000, 1.96E+03,   13,    1.182,    0.000,  999,    0.000, 2.01E+03,   18,    1.218,    0.000,  999,    0.000, 1.63E+03,   12,    0.988,  115.490,  187,  7.0E-02, 3.43E+03,   10,    2.071,  627.615,   26,    0.379, 1.72E+03,   22,    1.038, 1.44E+03,   20,    0.869, 2.01E+03,   18,    1.218, 4.36E+03,    9,    2.635, 1.63E+03,   12,    0.988, 3.54E+03,   10,    2.141
  5,   5,  180.884,   73,    0.100,    0.000,  999,    0.000,  900.222,   23,    0.496,  914.914,   23,    0.504,   37.011,  435,  2.0E-02,    0.000,  999,    0.000,  298.491,   89,    0.164, 1.36E+03,   23,    0.750,  506.330,    5,    0.279,    0.000,  999,    0.000,  360.942,   22,    0.199,  197.099,  135,    0.109,  181.602,   81,    0.100, 1.86E+03,    5,    1.025,  242.492,   43,    0.134,    0.000,  999,    0.000,    0.000,  999,    0.000,    0.000,  999,    0.000,  506.330,    5,    0.279, 2.10E+03,    4,    1.158, 1.82E+03,    4,    1.000, 1.66E+03,   27,    0.914, 3.97E+03,   14,    2.190,    0.000,  999,    0.000,  995.885,   30,    0.549,  771.207,   33,    0.425,  692.708,   31,    0.382, 1.59E+03,   27,    0.875,  255.297,   95,    0.141, 2.62E+03,   12,    1.444,  481.061,   49,    0.265, 3.97E+03,   14,    2.190, 6.85E+03,    8,    3.774, 1.77E+03,   13,    0.974, 2.28E+03,   18,    1.257
  5,   6,  113.063,   84,  5.6E-02,    0.000,  999,    0.000, 1.22E+03,   13,    0.604,  796.074,   20,    0.396,    0.000,  999,    0.000,    0.000,  999,    0.000,  619.201,   32,    0.308, 1.60E+03,   14,    0.793,  725.053,    3,    0.360,    0.000,  999,    0.000,  465.266,   14,    0.231,  652.598,   36,    0.324,  302.481,   34,    0.150, 2.33E+03,    4,    1.158,   96.818,   97,  4.8E-02,   37.361,   70,  1.9E-02,    0.000,  999,    0.000,    0.000,  999,    0.000,  725.053,    3,    0.360, 2.43E+03,    3,    1.206, 2.01E+03,    3,    1.000, 2.22E+03,   14,    1.101, 1.48E+03,   32,    0.735,    0.000,  999,    0.000,  147.156,  174,  7.3E-02, 1.51E+03,   18,    0.752,  237.220,   77,    0.118, 3.22E+03,   12,    1.602,  620.851,   29,    0.308,    0.000,  999,    0.000,  669.507,   35,    0.333, 1.48E+03,   32,    0.735, 2.10E+03,   21,    1.043, 1.66E+03,   14,    0.825, 3.46E+03,   12,    1.720
  5,   7,  223.649,   49,    0.121,    0.000,  999,    0.000,  942.270,   22,    0.509,  909.881,   23,    0.491,    0.000,  999,    0.000,    0.000,  999,    0.000,  539.156,   39,    0.291, 1.11E+03,   21,    0.597,  679.559,    4,    0.367,    0.000,  999,    0.000,  501.802,   15,    0.271,  665.896,   38,    0.360,  419.097,   28,    0.226, 2.04E+03,    4,    1.099,    0.000,  999,    0.000,   41.036,   68,  2.2E-02,    0.000,  999,    0.000,    0.000,  999,    0.000,  679.559,    4,    0.367, 2.04E+03,    4,    1.099, 1.85E+03,    3,    1.000, 1.64E+03,   20,    0.888,    0.000,  999,    0.000,    0.000,  999,    0.000,    0.000,  999,    0.000, 1.42E+03,   16,    0.768, 1.69E-03,  999,  9.1E-07, 2.85E+03,   14,    1.539,  370.611,   38,    0.200, 3.37E+03,   12,    1.819, 1.63E+03,   19,    0.877,    0.000,  999,    0.000, 3.74E+03,   12,    2.019, 1.42E+03,   16,    0.768, 2.85E+03,   14,    1.539
  5,   8,    7.606,  999,  4.8E-03,    0.000,  999,    0.000,  705.255,   29,    0.443,  887.861,   23,    0.557,   16.294,  835,  1.0E-02,    0.000,  999,    0.000,  399.212,   52,    0.251,  986.947,   25,    0.620,  568.648,    4,    0.357,    0.000,  999,    0.000,  421.171,   17,    0.264,  514.822,   49,    0.323,  118.925,   98,  7.5E-02, 1.57E+03,    4,    0.983,    0.000,  999,    0.000,   31.079,   86,  2.0E-02,    0.000,  999,    0.000,    0.000,  999,    0.000,  568.648,    4,    0.357, 1.57E+03,    4,    0.983, 1.59E+03,    4,    1.000, 1.39E+03,   24,    0.870, 3.39E+03,   19,    2.126,  159.204,  166,    0.100,  815.480,   50,    0.512, 1.21E+03,   28,    0.760,  666.905,   47,    0.419, 2.48E+03,   18,    1.560,  482.219,   54,    0.303,    0.000,  999,    0.000,  822.461,   35,    0.516, 3.55E+03,   17,    2.226, 4.03E+03,   14,    2.529, 2.03E+03,   15,    1.272, 3.15E+03,   14,    1.978
  5,   9,    0.000,  999,    0.000,  148.441,  157,  7.2E-02,  965.776,   21,    0.466, 1.10E+03,   18,    0.534,    0.000,  999,    0.000,    0.000,  999,    0.000,  633.255,   31,    0.306, 1.59E+03,   14,    0.769,  775.861,    3,    0.375,    0.000,  999,    0.000,  470.024,   14,    0.227, 1.05E+03,   23,    0.506,    0.000,  999,    0.000, 2.29E+03,    3,    1.104,    0.000,  999,    0.000,  122.527,   22,  5.9E-02,    0.000,  999,    0.000,    0.000,  999,    0.000,  775.861,    3,    0.375, 2.29E+03,    3,    1.104, 2.07E+03,    3,    1.000, 2.23E+03,   14,    1.075,    0.000,  999,    0.000,  365.755,   28,    0.177,   15.905,  560,  7.7E-03, 1.22E+03,   16,    0.587,   75.502,   82,  3.6E-02, 3.05E+03,   11,    1.473,  349.212,   33,    0.169,    0.000,  999,    0.000,  859.363,   24,    0.415,  365.755,   28,    0.177,  714.968,   20,    0.345, 1.23E+03,   15,    0.595, 3.12E+03,   10,    1.509
  5,  10,    0.000,  999,    0.000,  124.943,  169,  6.8E-02, 1.18E+03,   15,    0.641,  660.557,   26,    0.359,    0.000,  999,    0.000,    0.000,  999,    0.000,  584.350,   30,    0.318, 1.65E+03,   12,    0.897,  687.654,    3,    0.374,    0.000,  999,    0.000,  479.561,   12,    0.261, 1.22E+03,   17,    0.664,    0.000,  999,    0.000, 2.25E+03,    3,    1.223,    0.000,  999,    0.000,  114.551,   20,  6.2E-02,    0.000,  999,    0.000,    0.000,  999,    0.000,  687.654,    3,    0.374, 2.25E+03,    3,    1.223, 1.84E+03,    3,    1.000, 2.23E+03,   12,    1.215, 1.78E+03,   65,    0.971,  489.512,  127,    0.266,  738.206,   46,    0.402, 1.83E+03,   21,    0.995,  191.025,  115,    0.104, 3.64E+03,   11,    1.982,  802.542,   49,    0.437, 1.65E+03,   25,    0.900,    0.000,  999,    0.000, 2.27E+03,   33,    1.237, 4.73E+03,   10,    2.575, 2.57E+03,   10,    1.396, 3.83E+03,   10,    2.086
  5,  11,    0.000,  999,    0.000,   67.826,  245,  7.0E-02,  634.677,   34,    0.658,  329.205,   68,    0.342,    0.000,  999,    0.000,   10.843,  977,  1.1E-02,   91.168,  235,  9.5E-02, 1.17E+03,   21,    1.217,  311.907,    7,    0.324,    0.000,  999,    0.000,  243.020,   30,    0.252,  353.210,   76,    0.366,    0.000,  999,    0.000, 1.24E+03,    5,    1.285,    0.000,  999,    0.000,   35.652,   68,  3.7E-02,    0.000,  999,    0.000,  368.079,   31,    0.382,  311.907,    7,    0.324, 1.24E+03,    5,    1.285,  963.882,    6,    1.000, 1.26E+03,   27,    1.311,    0.000,  999,    0.000, 1.36E+03,    8,    1.410,    0.000,  999,    0.000, 1.21E+03,   18,    1.258,  343.530,   70,    0.356, 2.50E+03,   14,    2.593,  405.931,   26,    0.421,    0.000,  999,    0.000, 1.45E+03,   15,    1.502, 1.36E+03,    8,    1.410, 1.76E+03,    8,    1.831, 1.21E+03,   18,    1.258, 2.84E+03,   13,    2.950
  6,   5,    0.000,  999,    0.000,    0.000,  999,    0.000, 1.05E+03,   19,    0.573,  784.109,   26,    0.427,    0.000,  999,    0.000,    0.000,  999,    0.000,  462.860,   52,    0.252, 1.47E+03,   18,    0.801,  540.590,    4,    0.294,    0.000,  999,    0.000,  319.482,   23,    0.174,    0.000,  999,    0.000,    0.000,  999,    0.000, 1.99E+03,    6,    1.086,  233.695,   53,    0.127,    1.130,  999,  6.2E-04,    0.000,  999,    0.000,    0.000,  999,    0.000,  540.590,    4,    0.294, 2.23E+03,    4,    1.213, 1.84E+03,    3,    1.000, 1.93E+03,   20,    1.053, 1.80E+03,   27,    0.980,    0.000,  999,    0.000,    0.000,  999,    0.000, 1.52E+03,   16,    0.825,  230.265,   89,    0.125, 2.64E+03,   16,    1.435,  596.425,   26,    0.325, 2.04E+03,   20,    1.113, 1.45E+03,   21,    0.788, 1.80E+03,   27,    0.980, 4.44E+03,   14,    2.418, 1.52E+03,   16,    0.825, 2.87E+03,   15,    1.561
  6,  11,    0.000,  999,    0.000,   82.324,  203,  7.4E-02,  413.709,   46,    0.372,  699.692,   28,    0.628,    0.000,  999,    0.000,    0.000,  999,    0.000,  410.880,   49,    0.369, 1.12E+03,   20,    1.004,  380.713,    5,    0.342,    0.000,  999,    0.000,  294.543,   21,    0.265,  547.048,   44,    0.491,    0.000,  999,    0.000, 1.54E+03,    7,    1.383,  197.282,   52,    0.177,   72.002,   33,  6.5E-02,    0.000,  999,    0.000,  358.701,   27,    0.322,  380.713,    5,    0.342, 1.74E+03,    4,    1.560, 1.11E+03,    5,    1.000, 1.53E+03,   22,    1.374,    0.000,  999,    0.000,  753.670,   31,    0.677,    0.000,  999,    0.000,  921.881,   20,    0.828,  181.870,   51,    0.163, 1.61E+03,   17,    1.446,  279.065,   23,    0.251,  481.605,   39,    0.433,  423.000,   26,    0.380,  753.670,   31,    0.677, 1.51E+03,   22,    1.360,  921.881,   20,    0.828, 1.79E+03,   16,    1.609
  7,   5,  232.025,   58,    0.115,    0.000,  999,    0.000, 1.29E+03,   21,    0.640,  725.540,   38,    0.360,    0.000,  999,    0.000,    0.000,  999,    0.000,  533.805,   52,    0.265, 1.90E+03,   17,    0.945,  690.037,    4,    0.342,    0.000,  999,    0.000,  391.515,   21,    0.194,    0.000,  999,    0.000,   31.137,  470,  1.5E-02, 2.53E+03,    6,    1.256,  213.134,   81,    0.106,   18.710,  159,  9.3E-03,    0.000,  999,    0.000,    0.000,  999,    0.000,  690.037,    4,    0.342, 2.75E+03,    3,    1.362, 2.02E+03,    3,    1.000, 2.44E+03,   19,    1.209,  589.839,   56,    0.293,    0.000,  999,    0.000,    0.000,  999,    0.000, 1.11E+03,   20,    0.550,  101.495,  132,  5.0E-02, 2.17E+03,   18,    1.078,  375.183,   33,    0.186,  899.101,   36,    0.446, 1.19E+03,   20,    0.592,  589.839,   56,    0.293, 1.86E+03,   26,    0.924, 1.11E+03,   20,    0.550, 2.28E+03,   18,    1.129
  7,  11,    0.000,  999,    0.000,    6.527,  999,  6.1E-03,  660.353,   32,    0.615,  414.244,   53,    0.385,    0.000,  999,    0.000,    0.000,  999,    0.000,  497.926,   43,    0.463, 1.15E+03,   20,    1.074,  406.046,    5,    0.378,    0.000,  999,    0.000,  294.021,   22,    0.274, 1.03E+03,   24,    0.955,    0.000,  999,    0.000, 1.59E+03,    6,    1.483,  303.098,   35,    0.282,   87.666,   28,  8.2E-02,    0.000,  999,    0.000,  416.531,   26,    0.388,  406.046,    5,    0.378, 1.90E+03,    4,    1.765, 1.07E+03,    5,    1.000, 1.65E+03,   21,    1.538,    0.000,  999,    0.000,    0.000,  999,    0.000,    0.000,  999,    0.000, 1.82E+03,   12,    1.689,   10.583,  303,  9.8E-03, 4.26E+03,    8,    3.962,  583.091,   19,    0.543,    0.000,  999,    0.000,  733.491,   27,    0.683,    0.000,  999,    0.000,  583.091,   19,    0.543, 1.82E+03,   12,    1.689, 4.27E+03,    8,    3.972
  8,   5,  153.860,   71,  7.9E-02,    0.000,  999,    0.000,  863.428,   26,    0.441, 1.10E+03,   21,    0.559,    0.000,  999,    0.000,    0.000,  999,    0.000,  552.336,   40,    0.282, 1.79E+03,   14,    0.911,  740.494,    3,    0.378,    0.000,  999,    0.000,  421.858,   17,    0.215,  122.627,  211,  6.3E-02,    0.000,  999,    0.000, 2.35E+03,    5,    1.200,  391.418,   31,    0.200,   21.279,  136,  1.1E-02,    0.000,  999,    0.000,    0.000,  999,    0.000,  740.494,    3,    0.378, 2.74E+03,    3,    1.400, 1.96E+03,    3,    1.000, 2.34E+03,   15,    1.193, 1.49E+03,   29,    0.760,    0.000,  999,    0.000,    0.000,  999,    0.000,  721.027,   28,    0.368,  166.268,  104,  8.5E-02, 1.09E+03,   31,    0.557,  216.616,   42,    0.111, 1.75E+03,   15,    0.892,  916.063,   20,    0.467, 1.49E+03,   29,    0.760, 3.46E+03,   16,    1.763,  721.027,   28,    0.368, 1.26E+03,   29,    0.642
  8,  11,    0.000,  999,    0.000,    0.000,  999,    0.000,  747.041,   27,    0.745,  255.105,   84,    0.255,    0.000,  999,    0.000,    0.000,  999,    0.000,  284.922,   66,    0.284, 1.12E+03,   19,    1.118,  377.925,    5,    0.377,    0.000,  999,    0.000,  317.928,   20,    0.317,  935.500,   25,    0.933,    0.000,  999,    0.000, 1.55E+03,    6,    1.548,  334.283,   29,    0.334,   43.583,   54,  4.3E-02,    0.000,  999,    0.000,  492.540,   22,    0.491,  377.925,    5,    0.377, 1.89E+03,    4,    1.882, 1.00E+03,    5,    1.000, 1.41E+03,   20,    1.402,    0.000,  999,    0.000,    0.000,  999,    0.000,    0.000,  999,    0.000, 2.68E+03,   12,    2.676,   82.165,  179,  8.2E-02, 7.25E+03,    8,    7.234, 1.34E+03,   17,    1.338,    0.000,  999,    0.000, 2.01E+03,   19,    2.009,    0.000,  999,    0.000, 1.34E+03,   17,    1.338, 2.68E+03,   12,    2.676, 7.33E+03,    8,    7.316
  9,   5,   25.656,  366,  1.3E-02,    0.000,  999,    0.000,  919.279,   21,    0.460, 1.08E+03,   19,    0.540,    0.000,  999,    0.000,    0.000,  999,    0.000,  412.213,   47,    0.206, 1.70E+03,   13,    0.851,  707.024,    3,    0.354,    0.000,  999,    0.000,  451.772,   14,    0.226,  333.150,   66,    0.167,    9.848,  999,  4.9E-03, 2.21E+03,    5,    1.106,  492.560,   20,    0.246,    2.706,  920,  1.4E-03,    0.000,  999,    0.000,    0.000,  999,    0.000,  707.024,    3,    0.354, 2.70E+03,    3,    1.353, 2.00E+03,    3,    1.000, 2.11E+03,   14,    1.057, 3.74E+03,   22,    1.871,  272.471,   64,    0.136,  563.055,   63,    0.282,  915.258,   36,    0.458,  616.118,   45,    0.308, 1.93E+03,   22,    0.966,  320.495,   59,    0.160, 1.32E+03,   32,    0.658,  581.257,   41,    0.291, 4.01E+03,   20,    2.008, 5.65E+03,   11,    2.826, 1.48E+03,   16,    0.739, 2.55E+03,   16,    1.274
  9,  11,    0.000,  999,    0.000,    0.000,  999,    0.000,  215.740,   92,    0.203,  848.839,   25,    0.797,    0.000,  999,    0.000,   51.936,  216,  4.9E-02,  392.225,   41,    0.368, 1.02E+03,   18,    0.959,  344.249,    5,    0.323,    0.000,  999,    0.000,  251.939,   23,    0.237,  518.779,   39,    0.487,    8.099,  999,  7.6E-03, 1.77E+03,    5,    1.664,  150.787,   63,    0.142,   55.350,   39,  5.2E-02,    0.000,  999,    0.000,  552.599,   18,    0.519,  344.249,    5,    0.323, 1.92E+03,    4,    1.805, 1.06E+03,    5,    1.000, 1.41E+03,   17,    1.328,    0.000,  999,    0.000,    0.000,  999,    0.000,    0.000,  999,    0.000, 1.74E+03,   14,    1.639, 6.48E-03,  999,  6.1E-06, 5.08E+03,   10,    4.772,    0.000,  999,    0.000,    0.000,  999,    0.000, 2.28E+03,   15,    2.140,    0.000,  999,    0.000,    0.000,  999,    0.000, 1.74E+03,   14,    1.639, 5.08E+03,   10,    4.772
 10,   5,   53.267,  180,  2.9E-02,    0.000,  999,    0.000, 1.24E+03,   16,    0.677,  591.347,   33,    0.323,    0.000,  999,    0.000,    0.000,  999,    0.000,  435.994,   45,    0.238, 1.63E+03,   14,    0.887,  621.034,    3,    0.339,    0.000,  999,    0.000,  530.495,   13,    0.290,  346.659,   61,    0.189,    0.000,  999,    0.000, 2.10E+03,    5,    1.148,  540.847,   19,    0.295,    0.000,  999,    0.000,    0.000,  999,    0.000,    0.000,  999,    0.000,  621.034,    3,    0.339, 2.64E+03,    3,    1.443, 1.83E+03,    3,    1.000, 2.06E+03,   15,    1.125, 1.75E+03,   30,    0.956,   35.030,  579,  1.9E-02,    0.000,  999,    0.000, 1.11E+03,   18,    0.608,  340.599,   53,    0.186, 2.20E+03,   16,    1.201,  354.408,   32,    0.193, 1.16E+03,   28,    0.631,  810.594,   26,    0.443, 1.79E+03,   25,    0.975, 3.30E+03,   14,    1.800, 1.11E+03,   18,    0.608, 2.54E+03,   14,    1.387
 10,  11,    0.000,  999,    0.000,    0.000,  999,    0.000,    0.000,  999,    0.000,  944.104,    5,    1.000,    0.000,  999,    0.000,   64.115,  162,  6.8E-02,  479.624,   37,    0.508,  910.153,   22,    0.964,  294.142,    6,    0.312,    0.000,  999,    0.000,  178.854,   32,    0.189,  389.319,   53,    0.412,    0.000,  999,    0.000, 1.50E+03,    7,    1.591,   51.130,  205,  5.4E-02,   57.994,   37,  6.1E-02,    0.000,  999,    0.000,  445.727,   18,    0.472,  294.142,    6,    0.312, 1.55E+03,    4,    1.645,  944.104,    5,    1.000, 1.39E+03,   21,    1.472,    0.000,  999,    0.000,    0.000,  999,    0.000,    0.000,  999,    0.000, 1.45E+03,   13,    1.531, 8.25E-03,  999,  8.7E-06, 4.28E+03,   10,    4.534,    0.000,  999,    0.000,    0.000,  999,    0.000, 1.24E+03,   20,    1.317,    0.000,  999,    0.000,    0.000,  999,    0.000, 1.45E+03,   13,    1.531, 4.28E+03,   10,    4.534
 11,   5,  105.761,   78,  7.1E-02,    0.000,  999,    0.000, 1.49E+03,    3,    1.000,    0.000,  999,    0.000,   42.785,  309,  2.9E-02,    0.000,  999,    0.000,  434.566,   40,    0.292, 1.50E+03,   15,    1.007,  490.163,    3,    0.330,    0.000,  999,    0.000,  487.027,   11,    0.328,  636.227,   30,    0.428,  187.645,   49,    0.126, 1.71E+03,    6,    1.150,  482.602,   21,    0.325,    6.722,  296,  4.5E-03,    0.000,  999,    0.000,    0.000,  999,    0.000,  490.163,    3,    0.330, 2.19E+03,    3,    1.475, 1.49E+03,    3,    1.000, 1.93E+03,   16,    1.299,  637.045,   36,    0.429,    0.000,  999,    0.000,    0.000,  999,    0.000,  795.254,   17,    0.535,  117.926,   85,  7.9E-02, 1.56E+03,   17,    1.051,  310.078,   29,    0.209,  459.484,   46,    0.309,  743.580,   22,    0.500,  637.045,   36,    0.429, 1.41E+03,   20,    0.946,  795.254,   17,    0.535, 1.68E+03,   16,    1.130
 11,   6,   24.967,  329,  1.5E-02,    0.000,  999,    0.000,  743.015,   23,    0.436,  962.486,   18,    0.564,    0.000,  999,    0.000,    0.000,  999,    0.000,  675.490,   26,    0.396, 1.65E+03,   12,    0.965,  589.499,    3,    0.346,    0.000,  999,    0.000,  443.186,   13,    0.260,  515.862,   38,    0.302,    0.000,  999,    0.000, 2.02E+03,    5,    1.186,  310.476,   32,    0.182,   38.381,   57,  2.3E-02,    0.000,  999,    0.000,    0.000,  999,    0.000,  589.499,    3,    0.346, 2.33E+03,    3,    1.368, 1.71E+03,    3,    1.000, 2.32E+03,   12,    1.361,    0.000,  999,    0.000,  199.456,   45,    0.117,   53.297,   70,  3.1E-02, 1.18E+03,   16,    0.693,   31.293,   76,  1.8E-02, 2.53E+03,   14,    1.486,  165.795,   97,  9.7E-02,  495.815,   49,    0.291,  514.664,   37,    0.302,  199.456,   45,    0.117,  861.066,   36,    0.505, 1.23E+03,   16,    0.724, 2.57E+03,   14,    1.504
 11,   7,   37.020,  248,  2.5E-02,   82.833,  232,  5.6E-02,  490.671,   37,    0.329,  999.961,   19,    0.671,    0.000,  999,    0.000,   66.529,  191,  4.5E-02,  441.260,   43,    0.296, 1.59E+03,   13,    1.066,  467.226,    4,    0.313,    0.000,  999,    0.000,  512.478,   12,    0.344,  518.411,   41,    0.348,    7.827,  999,  5.3E-03, 1.81E+03,    6,    1.217,   97.910,  112,  6.6E-02,   48.286,   46,  3.2E-02,    0.000,  999,    0.000,    0.000,  999,    0.000,  467.226,    4,    0.313, 1.91E+03,    4,    1.282, 1.49E+03,    3,    1.000, 2.03E+03,   15,    1.362, 2.76E+03,   22,    1.852,  222.021,  160,    0.149,    0.000,  999,    0.000,  937.209,   18,    0.629,  540.134,   46,    0.362, 1.91E+03,   17,    1.280,  295.637,   38,    0.198, 1.04E+03,   31,    0.697,  837.256,   24,    0.562, 2.98E+03,   16,    2.000, 4.32E+03,   11,    2.896,  937.209,   18,    0.629, 2.45E+03,   14,    1.642
 11,   8,  195.886,   54,    0.119,    0.000,  999,    0.000,  483.717,   45,    0.293, 1.17E+03,   19,    0.707,    0.000,  999,    0.000,    2.698,  999,  1.6E-03,  488.687,   45,    0.296, 1.38E+03,   18,    0.832,  535.044,    4,    0.324,    0.000,  999,    0.000,  536.549,   13,    0.325,  913.343,   26,    0.553,   93.141,  140,  5.6E-02, 1.87E+03,    6,    1.131,  175.420,   70,    0.106,   26.705,   91,  1.6E-02,    0.000,  999,    0.000,    0.000,  999,    0.000,  535.044,    4,    0.324, 2.04E+03,    4,    1.237, 1.65E+03,    3,    1.000, 1.86E+03,   19,    1.128,  151.425,  384,  9.2E-02,  234.513,   73,    0.142,   67.138,  254,  4.1E-02, 1.14E+03,   20,    0.690,   53.635,  199,  3.2E-02, 2.17E+03,   16,    1.315,  349.443,   50,    0.211, 1.31E+03,   26,    0.795,  550.914,   35,    0.333,  385.938,  122,    0.234, 2.05E+03,   17,    1.240, 1.21E+03,   14,    0.731, 2.23E+03,   16,    1.347
 11,   9,  112.001,   71,  6.3E-02,    0.000,  999,    0.000,  662.417,   25,    0.371, 1.12E+03,   15,    0.629,    0.000,  999,    0.000,    0.000,  999,    0.000,  476.297,   35,    0.267, 1.45E+03,   13,    0.812,  605.535,    3,    0.339,    0.000,  999,    0.000,  394.821,   14,    0.221,  523.428,   36,    0.293,  108.972,   81,  6.1E-02, 2.00E+03,    4,    1.122,  509.601,   16,    0.286,   14.873,  142,  8.3E-03,    0.000,  999,    0.000,    0.000,  999,    0.000,  605.535,    3,    0.339, 2.51E+03,    3,    1.408, 1.78E+03,    3,    1.000, 1.93E+03,   13,    1.079,    0.000,  999,    0.000,   81.182,  125,  4.6E-02,    0.000,  999,    0.000, 1.15E+03,   15,    0.643,   10.699,  621,  6.0E-03, 2.33E+03,   14,    1.306,  432.808,   30,    0.243,  312.196,   72,    0.175,  603.656,   31,    0.338,   81.182,  125,  4.6E-02,  826.186,   34,    0.463, 1.15E+03,   15,    0.643, 2.34E+03,   14,    1.312
 11,  10,  267.531,   37,    0.191,    0.000,  999,    0.000,  808.307,   23,    0.578,  590.953,   31,    0.422,    0.000,  999,    0.000,   38.887,  332,  2.8E-02,  672.767,   31,    0.481, 1.39E+03,   17,    0.996,  462.279,    4,    0.330,    0.000,  999,    0.000,  472.495,   14,    0.338,  765.818,   29,    0.547,    0.000,  999,    0.000, 1.76E+03,    6,    1.260,  303.238,   37,    0.217,   24.742,   92,  1.8E-02,    0.000,  999,    0.000,    0.000,  999,    0.000,  462.279,    4,    0.330, 2.07E+03,    4,    1.476, 1.40E+03,    4,    1.000, 2.07E+03,   16,    1.476,    0.000,  999,    0.000, 1.66E+03,   24,    1.186,   78.640,  319,  5.6E-02, 1.27E+03,   22,    0.908,  253.291,   72,    0.181, 2.57E+03,   14,    1.837,  475.632,   37,    0.340, 1.32E+03,   24,    0.945,  997.079,   23,    0.713, 1.66E+03,   24,    1.186, 3.46E+03,   10,    2.471, 1.35E+03,   13,    0.964, 2.82E+03,   12,    2.018
 11,  11,   61.180,  103,    0.116,   30.481,  327,  5.8E-02,  336.030,   33,    0.639,  189.932,   59,    0.361,    0.000,  999,    0.000,   57.534,  109,    0.109,   33.526,  399,  6.4E-02,  385.946,   38,    0.734,  153.837,   11,    0.292,    0.000,  999,    0.000,  115.984,   39,    0.221,  268.531,   61,    0.511,   44.113,  167,  8.4E-02,  489.253,   17,    0.930,  379.008,   18,    0.721,    6.424,  224,  1.2E-02,   32.660,  293,  6.2E-02,  250.996,   27,    0.477,  153.837,   11,    0.292,  868.261,    7,    1.651,  525.962,    9,    1.000,  419.473,   52,    0.798, 1.50E+03,   34,    2.856,    0.000,  999,    0.000, 1.79E+03,   23,    3.401, 2.32E+03,   13,    4.415,  743.604,   48,    1.414, 2.83E+03,   15,    5.383, 1.37E+03,   13,    2.599,    0.000,  999,    0.000,  182.578,   88,    0.347, 1.50E+03,   34,    2.856, 2.87E+03,   17,    5.456, 4.11E+03,   10,    7.816, 3.57E+03,   11,    6.797
  4,   4,    0.000,  999,    0.000,    0.000,  999,    0.000,   62.549,   70,    0.969,    1.997,  999,  3.1E-02,    0.000,  999,    0.000,    0.000,  999,    0.000,    0.000,  999,    0.000,   49.923,   99,    0.773,   13.035,   59,    0.202,    0.000,  999,    0.000,   17.903,   85,    0.277,    0.000,  999,    0.000,    0.000,  999,    0.000,   95.232,   58,    1.475,    7.959,  162,    0.123,    0.000,  999,    0.000,    0.000,  999,    0.000,    0.000,  999,    0.000,   13.035,   59,    0.202,  103.192,   54,    1.599,   64.547,   57,    1.000,   49.923,   99,    0.773, 4.89E+04,    9,  757.490,  314.310,   56,    4.870, 6.75E+03,   22,  104.555, 1.62E+03,   21,   25.030,    0.000,  999,    0.000, 2.02E+03,   26,   31.322,  487.733,   24,    7.556, 1.69E+03,   20,   26.217,  909.399,   20,   14.089, 4.92E+04,    9,  762.360, 5.14E+04,    9,  796.133, 8.36E+03,   18,  129.585, 2.02E+03,   23,   31.322
  4,   5,   75.811,  277,  5.0E-02,    0.000,  999,    0.000,  273.681,  116,    0.179, 1.25E+03,   26,    0.821,   24.728,  618,  1.6E-02,    0.000,  999,    0.000,    0.000,  999,    0.000, 1.54E+03,   26,    1.010,  416.092,    6,    0.272,    0.000,  999,    0.000,  258.547,   36,    0.169,  187.963,  171,    0.123,  413.192,   61,    0.271, 1.76E+03,    9,    1.154,   35.091,  487,  2.3E-02,    0.000,  999,    0.000,    0.000,  999,    0.000,    0.000,  999,    0.000,  416.092,    6,    0.272, 1.80E+03,    5,    1.177, 1.53E+03,    4,    1.000, 1.54E+03,   26,    1.010,    0.000,  999,    0.000,  925.246,   13,    0.606,  134.060,   92,  8.8E-02,  742.321,   25,    0.486,  123.139,   70,  8.1E-02,  927.427,   34,    0.607,  180.059,   45,    0.118, 1.47E+03,   16,    0.960,  789.807,   20,    0.517,  925.246,   13,    0.606, 2.57E+03,   11,    1.683,  876.380,   20,    0.574, 1.05E+03,   30,    0.688
  4,   6,   30.386,  320,  1.7E-02,    0.000,  999,    0.000,  636.582,   28,    0.352, 1.17E+03,   15,    0.648,    0.000,  999,    0.000,    0.000,  999,    0.000,  669.547,   29,    0.370, 1.57E+03,   14,    0.868,  582.098,    3,    0.322,    0.000,  999,    0.000,  416.341,   15,    0.230,  255.325,   80,    0.141,    0.000,  999,    0.000, 1.97E+03,    3,    1.092,    0.000,  999,    0.000,    0.000,  999,    0.000,    0.000,  999,    0.000,    0.000,  999,    0.000,  582.098,    3,    0.322, 1.97E+03,    3,    1.092, 1.81E+03,    3,    1.000, 2.24E+03,   14,    1.239,  964.884,   48,    0.534,    0.000,  999,    0.000,   56.890,  361,  3.1E-02, 1.53E+03,   18,    0.848,  177.441,   76,  9.8E-02, 3.23E+03,   12,    1.786,  562.453,   32,    0.311, 1.97E+03,   20,    1.089,  969.256,   28,    0.536,  964.884,   48,    0.534, 3.50E+03,   14,    1.934, 1.59E+03,   15,    0.879, 3.40E+03,   11,    1.884
  4,   7,  203.704,   54,    0.114,    0.000,  999,    0.000,  548.517,   39,    0.307, 1.24E+03,   18,    0.693,    0.000,  999,    0.000,    0.000,  999,    0.000,  695.374,   31,    0.389, 1.39E+03,   17,    0.777,  643.729,    3,    0.360,    0.000,  999,    0.000,  562.647,   12,    0.314,   50.721,  487,  2.8E-02,  309.626,   66,    0.173, 1.92E+03,    4,    1.073,    0.000,  999,    0.000,   36.173,   73,  2.0E-02,    0.000,  999,    0.000,    0.000,  999,    0.000,  643.729,    3,    0.360, 1.92E+03,    4,    1.073, 1.79E+03,    3,    1.000, 2.09E+03,   17,    1.165,    0.000,  999,    0.000,  831.729,   47,    0.465,  178.808,   70,    0.100, 1.17E+03,   20,    0.652,  131.132,   58,  7.3E-02, 2.54E+03,   15,    1.419,  238.727,   61,    0.133, 2.58E+03,   17,    1.442, 1.26E+03,   22,    0.703,  831.729,   47,    0.465, 3.65E+03,   13,    2.041, 1.35E+03,   16,    0.752, 2.67E+03,   14,    1.492
  4,   8,   82.679,  122,  6.0E-02,    0.000,  999,    0.000,  841.173,   23,    0.614,  527.862,   38,    0.386,   30.291,  397,  2.2E-02,    0.000,  999,    0.000,  387.642,   54,    0.283, 1.14E+03,   22,    0.830,  459.225,    4,    0.335,    0.000,  999,    0.000,  511.831,   13,    0.374,  115.486,  201,  8.4E-02,  261.695,   42,    0.191, 1.36E+03,    5,    0.994,    0.000,  999,    0.000,    1.183,  999,  8.6E-04,    0.000,  999,    0.000,    0.000,  999,    0.000,  459.225,    4,    0.335, 1.36E+03,    5,    0.994, 1.37E+03,    4,    1.000, 1.52E+03,   23,    1.113, 1.17E+03,   37,    0.854,    0.000,  999,    0.000,    0.000,  999,    0.000, 1.30E+03,   16,    0.949,  226.664,   88,    0.166, 2.69E+03,   13,    1.964,  869.901,   20,    0.635,    0.000,  999,    0.000,  512.291,   41,    0.374, 1.17E+03,   37,    0.854, 2.04E+03,   20,    1.490, 1.30E+03,   16,    0.949, 2.92E+03,   12,    2.130
  4,   9,   33.683,  318,  1.8E-02,    0.000,  999,    0.000,  913.423,   23,    0.486,  966.362,   22,    0.514,    0.000,  999,    0.000,    0.000,  999,    0.000,  528.697,   42,    0.281, 1.39E+03,   18,    0.740,  645.930,    4,    0.344,    0.000,  999,    0.000,  551.355,   13,    0.293,  622.459,   42,    0.331,    0.000,  999,    0.000, 2.01E+03,    5,    1.067,   17.078,  693,  9.1E-03,   78.652,   35,  4.2E-02,    0.000,  999,    0.000,    0.000,  999,    0.000,  645.930,    4,    0.344, 2.02E+03,    4,    1.076, 1.88E+03,    3,    1.000, 1.92E+03,   19,    1.021, 2.14E+03,   23,    1.138,    0.000,  999,    0.000,    0.000,  999,    0.000, 1.42E+03,   16,    0.756,  386.393,   51,    0.206, 3.02E+03,   12,    1.608,  439.226,   28,    0.234, 1.75E+03,   20,    0.934, 1.07E+03,   22,    0.570, 2.14E+03,   23,    1.138, 4.33E+03,   13,    2.306, 1.42E+03,   16,    0.756, 3.41E+03,   11,    1.813
  4,  10,    0.000,  999,    0.000,    0.000,  999,    0.000, 1.08E+03,   23,    0.713,  433.285,   58,    0.287,    0.000,  999,    0.000,    0.000,  999,    0.000,  140.056,  151,  9.3E-02, 1.13E+03,   21,    0.745,  517.266,    4,    0.342,    0.000,  999,    0.000,  435.765,   16,    0.288, 1.10E+03,   24,    0.729,    0.000,  999,    0.000, 1.52E+03,    7,    1.003,  311.994,   39,    0.206,   31.520,   81,  2.1E-02,    0.000,  999,    0.000,  742.703,   19,    0.491,  517.266,    4,    0.342, 1.83E+03,    5,    1.210, 1.51E+03,    4,    1.000, 1.27E+03,   26,    0.837,    0.000,  999,    0.000,  824.188,   19,    0.545,  978.026,   34,    0.647, 3.83E+03,   13,    2.535,   37.346,  737,  2.5E-02, 4.72E+03,   11,    3.121, 2.81E+03,   16,    1.856,    0.000,  999,    0.000, 1.09E+03,   27,    0.723,  824.188,   19,    0.545, 3.63E+03,   11,    2.402, 4.81E+03,    9,    3.182, 4.75E+03,   10,    3.145
  4,  11, 2.81E+03,   18,    1.807,    0.000,  999,    0.000,   14.980,  999,  9.6E-03, 1.54E+03,   27,    0.990,   84.252,  164,  5.4E-02,  143.960,   95,  9.3E-02, 3.02E+03,   27,    1.944, 1.70E+03,   54,    1.092,  469.894,   10,    0.302,    0.000,  999,    0.000,  634.081,   27,    0.408, 2.96E+03,   19,    1.907,    0.000,  999,    0.000, 1.12E+03,   11,    0.721,    0.000,  999,    0.000,  101.484,   37,  6.5E-02,  140.046,  150,  9.0E-02,  807.672,   32,    0.520,  469.894,   10,    0.302, 1.12E+03,   11,    0.721, 1.55E+03,    7,    1.000, 4.72E+03,   32,    3.036, 2.86E+04,   10,   18.393,    0.000,  999,    0.000, 5.29E+03,   17,    3.403,    0.000,  999,    0.000, 4.42E+03,   14,    2.845,    0.000,  999,    0.000,    0.000,  999,    0.000, 5.48E+03,   16,    3.525, 2.25E+03,   30,    1.445, 2.86E+04,   10,   18.393, 3.41E+04,    8,   21.918, 5.29E+03,   17,    3.403, 4.42E+03,   14,    2.845
  4,  12, 2.51E+03,   34,    0.000,   44.325,   96,    0.000,    0.000,  999,    0.000,    0.000,  999,    0.000,   33.811,   76,    0.000,   35.903,   71,    0.000, 2.73E+03,   32,    0.000,    0.000,  999,    0.000,    0.000,  999,    0.000,   11.847,  186,    0.000,    0.000,  999,    0.000,  870.649,   36,    0.000,    0.000,  999,    0.000, 1.10E+03,   26,    0.000,    0.000,  999,    0.000,   17.754,   48,    0.000,   72.164,   59,    0.000,    0.000,  999,    0.000,   11.847,  186,    0.000, 1.10E+03,   26,    0.000,    0.000,  999,    0.000, 2.73E+03,   32,    0.000, 2.00E+05,   10,    0.000, 3.86E+03,   23,    0.000, 4.82E+04,   16,    0.000, 4.10E+04,   11,    0.000, 1.71E+04,   15,    0.000, 3.42E+04,   10,    0.000, 2.48E+04,   17,    0.000, 2.23E+05,    5,    0.000, 8.53E+04,    9,    0.000, 2.04E+05,   10,    0.000, 4.52E+05,    3,    0.000, 8.92E+04,   11,    0.000, 5.14E+04,    6,    0.000
  5,   4,   25.732,  142,    0.119,    0.000,  999,    0.000,    0.000,  999,    0.000,  216.633,   32,    1.000,   10.372,  727,  4.8E-02,    0.000,  999,    0.000,    0.000,  999,    0.000,  245.602,   45,    1.134,   63.507,   32,    0.293,    0.000,  999,    0.000,   56.582,   57,    0.261,  134.570,   80,    0.621,    0.000,  999,    0.000,  269.902,   33,    1.246,   12.913,  201,  6.0E-02,   23.696,   54,    0.109,    0.000,  999,    0.000,    0.000,  999,    0.000,   63.507,   32,    0.293,  282.815,   30,    1.306,  216.633,   32,    1.000,  245.602,   45,    1.134, 5.18E+04,    6,  239.257,    0.000,  999,    0.000, 1.32E+04,    8,   61.012,    0.000,  999,    0.000, 6.71E+03,   10,   30.966,    0.000,  999,    0.000,    0.180,  999,  8.3E-04,    3.747,  999,  1.7E-02,    0.948,  999,  4.4E-03, 5.18E+04,    6,  239.257, 5.18E+04,    6,  239.275, 1.32E+04,    8,   61.012, 6.71E+03,   10,   30.966
  5,  12,   59.839,  121,    0.835,   21.709,   77,    0.303,   71.644,   46,    1.000,    0.000,  999,    0.000,   12.041,   84,    0.168,   11.769,   86,    0.164,  230.675,   60,    3.220,    0.000,  999,    0.000,    0.000,  999,    0.000,   35.843,   34,    0.500,   94.855,   49,    1.324,    0.000,  999,    0.000,  381.085,   27,    5.319,  196.633,   24,    2.745,   39.699,  116,    0.554,    4.992,   67,  7.0E-02,   21.499,   78,    0.300,    8.833,  174,    0.123,   35.843,   34,    0.500,  236.332,   21,    3.299,   71.644,   46,    1.000,  230.675,   60,    3.220,    0.000,  999,    0.000, 1.39E+05,    3,  1.9E+03, 2.82E+03,   32,   39.343, 2.72E+03,   21,   37.944,  752.006,   76,   10.496, 3.06E+03,   21,   42.654,  757.558,   74,   10.574, 4.47E+03,   30,   62.377, 2.08E+03,   36,   29.077, 1.39E+05,    3,  1.9E+03, 1.45E+05,    3,  2.0E+03, 5.54E+03,   19,   77.287, 3.81E+03,   13,   53.150
  6,   4,    0.000,  999,    0.000,   17.306,  999,  1.7E-02,  119.724,  211,    0.119,  883.156,   30,    0.881,    0.000,  999,    0.000,    0.000,  999,    0.000,  364.578,   68,    0.364, 1.14E+03,   25,    1.136,  287.596,    9,    0.287,    0.000,  999,    0.000,   63.272,  130,  6.3E-02,  400.076,   82,    0.399,    0.000,  999,    0.000, 1.10E+03,    7,    1.093,    0.000,  999,    0.000,    7.035,  404,  7.0E-03,    0.000,  999,    0.000,    0.000,  999,    0.000,  287.596,    9,    0.287, 1.10E+03,    7,    1.093, 1.00E+03,    7,    1.000, 1.50E+03,   27,    1.499,    0.000,  999,    0.000,    0.000,  999,    0.000,    0.000,  999,    0.000, 3.42E+03,   12,    3.414,    0.000,  999,    0.000, 5.13E+03,   12,    5.118, 1.03E+03,   12,    1.024, 2.57E+03,   12,    2.567, 1.29E+03,   12,    1.285,    0.000,  999,    0.000, 3.60E+03,   12,    3.591, 3.42E+03,   12,    3.414, 5.13E+03,   12,    5.118
  6,  12,    0.000,  999,    0.000,  119.640,   23,    0.125,    0.000,  999,    0.000,  954.336,   87,    1.000,   72.580,   22,  7.6E-02,   72.701,   22,  7.6E-02,  119.673,  603,    0.125,    0.000,  999,    0.000,    0.000,  999,    0.000,  240.234,  220,    0.252,   89.021,  187,  9.3E-02,    0.000,  999,    0.000,    0.000,  999,    0.000,    0.000,  999,    0.000,  743.724,   19,    0.779,   24.944,   22,  2.6E-02,  123.597,   22,    0.130,  107.798,   69,    0.113,  240.234,   20,    0.252,  743.724,   19,    0.779,  954.336,   10,    1.000,  119.673,  999,    0.125, 8.60E+04,   13,   90.125,    0.000,  999,    0.000, 3.37E+04,   12,   35.281, 1.39E+04,   18,   14.607, 6.74E+03,   20,    7.059,    0.000,  999,    0.000, 8.18E+03,   22,    8.568, 3.87E+04,   16,   40.570, 1.40E+04,   29,   14.699, 8.60E+04,   13,   90.125, 1.33E+05,    7,  139.262, 4.76E+04,    9,   49.888, 6.74E+03,   20,    7.059
  7,   4,    0.000,  999,    0.000,   89.790,  253,  5.6E-02,  521.979,   54,    0.325, 1.08E+03,   27,    0.675,    2.188,  999,  1.4E-03,    0.000,  999,    0.000,  592.444,   58,    0.369, 1.55E+03,   26,    0.965,  474.169,    5,    0.296,    0.000,  999,    0.000,   87.106,   93,  5.4E-02,    0.000,  999,    0.000,    0.000,  999,    0.000, 1.96E+03,    9,    1.221,  250.157,   74,    0.156,   46.457,   62,  2.9E-02,    0.000,  999,    0.000,    0.000,  999,    0.000,  474.169,    5,    0.296, 2.21E+03,    4,    1.376, 1.60E+03,    4,    1.000, 2.14E+03,   29,    1.334,    0.000,  999,    0.000,    0.000,  999,    0.000,    0.000,  999,    0.000, 1.01E+03,   17,    0.632,    0.000,  999,    0.000, 1.83E+03,   17,    1.142,  282.413,   30,    0.176,    0.000,  999,    0.000, 1.37E+03,    8,    0.852,    0.000,  999,    0.000,  282.413,   30,    0.176, 1.01E+03,   17,    0.632, 1.83E+03,   17,    1.142
  7,  12,    0.000,  999,    0.000,    5.885,   69,    1.999,    2.944,  141,    1.000,    0.000,  999,    0.000,    0.000,  999,    0.000,    2.256,  138,    0.766,   55.288,   42,   18.782,   54.284,   42,   18.440,    0.000,  999,    0.000,    1.685,   47,    0.572,    0.000,  999,    0.000,   12.041,   49,    4.090,   17.205,   54,    5.845,    0.000,  999,    0.000,    0.000,  999,    0.000,    2.634,   41,    0.895,   14.205,   48,    4.825,    0.000,  999,    0.000,    1.685,   47,    0.572,    0.000,  999,    0.000,    2.944,   46,    1.000,  109.572,   42,   37.222, 6.18E+04,   16,  2.1E+04,  159.656,  267,   54.236, 1.73E+04,   19,  5.9E+03, 5.05E+03,   27,  1.7E+03, 2.00E+03,   42,  679.411, 4.50E+03,   19,  1.5E+03, 1.47E+03,  144,  498.678, 4.19E+04,   15,  1.4E+04, 4.68E+04,   12,  1.6E+04, 6.20E+04,   16,  2.1E+04, 1.05E+05,    8,  3.6E+04, 2.24E+04,   15,  7.6E+03, 6.50E+03,   12,  2.2E+03
  8,   4,    0.000,  999,    0.000,    0.000,  999,    0.000,  294.176,   82,    0.182, 1.32E+03,   19,    0.818,    0.000,  999,    0.000,    0.000,  999,    0.000,  524.909,   45,    0.325, 1.42E+03,   18,    0.882,  492.387,    4,    0.305,    0.000,  999,    0.000,  293.065,   23,    0.181,    0.000,  999,    0.000,  322.808,   37,    0.200, 2.04E+03,    7,    1.263,  197.161,   77,    0.122,   41.887,   60,  2.6E-02,    0.000,  999,    0.000,    0.000,  999,    0.000,  492.387,    4,    0.305, 2.24E+03,    3,    1.385, 1.62E+03,    4,    1.000, 1.95E+03,   20,    1.207,    0.000,  999,    0.000,    0.000,  999,    0.000,    0.000,  999,    0.000, 1.22E+03,   18,    0.752,    0.000,  999,    0.000, 1.79E+03,   18,    1.107,  356.649,   19,    0.221, 1.05E+03,   17,    0.653,  685.264,   14,    0.424,    0.000,  999,    0.000, 1.41E+03,   17,    0.873, 1.22E+03,   18,    0.752, 1.79E+03,   18,    1.107
  8,  12,  277.292,   46,    0.383,   67.771,  209,  9.4E-02,  392.589,   45,    0.542,  331.761,   56,    0.458,    0.000,  999,    0.000,  104.437,   85,    0.144,    0.000,  999,    0.000,  718.651,   36,    0.992,    0.000,  999,    0.000,  195.065,   15,    0.269,  207.823,   40,    0.287,  883.868,   33,    1.220,  169.490,   79,    0.234,  634.111,   16,    0.875,  161.287,   58,    0.223,   42.124,   56,  5.8E-02,   18.229,  758,  2.5E-02,  206.942,   83,    0.286,  195.065,   15,    0.269,  795.398,   13,    1.098,  724.350,   12,    1.000,  718.651,   36,    0.992, 6.23E+04,   11,   85.967,    0.000,  999,    0.000, 1.79E+04,   15,   24.709, 5.55E+03,   20,    7.669, 2.60E+03,    8,    3.594,    0.000,  999,    0.000, 2.89E+03,   24,    3.993, 1.37E+04,   18,   18.922, 1.08E+04,   15,   14.926, 6.23E+04,   11,   85.967, 7.89E+04,    7,  108.883, 2.35E+04,   11,   32.377, 2.60E+03,    8,    3.594
  9,   4,    0.000,  999,    0.000,    0.000,  999,    0.000,  308.834,   75,    0.190, 1.32E+03,   18,    0.810,    0.000,  999,    0.000,    0.000,  999,    0.000,  212.286,  106,    0.130, 1.39E+03,   18,    0.853,  478.265,    4,    0.294,    0.000,  999,    0.000,  264.532,   25,    0.162,   32.843,  766,  2.0E-02,  113.184,  101,  6.9E-02, 1.88E+03,    6,    1.156,  345.377,   36,    0.212,   33.655,   76,  2.1E-02,    0.000,  999,    0.000,    0.000,  999,    0.000,  478.265,    4,    0.294, 2.23E+03,    3,    1.368, 1.63E+03,    3,    1.000, 1.60E+03,   23,    0.984,    0.000,  999,    0.000,    0.000,  999,    0.000,    0.000,  999,    0.000, 1.13E+03,   16,    0.693, 6.26E-03,  999,  3.8E-06, 2.47E+03,   13,    1.517,  280.419,   34,    0.172,    0.000,  999,    0.000,  981.305,   19,    0.602,    0.000,  999,    0.000,  280.419,   34,    0.172, 1.13E+03,   16,    0.693, 2.47E+03,   13,    1.517
  9,  12,  119.417,   62,    0.301,   35.179,  254,  8.9E-02,   72.380,  150,    0.182,  324.561,   36,    0.818,    0.000,  999,    0.000,   85.224,   66,    0.215,  297.754,   43,    0.750,  662.059,   22,    1.668,  118.969,   11,    0.300,    0.000,  999,    0.000,  122.120,   35,    0.308,  318.908,   50,    0.803,  344.894,   39,    0.869,  940.075,    9,    2.368,   33.907,  251,  8.5E-02,   40.304,   34,    0.102,    0.000,  999,    0.000,  117.510,   49,    0.296,  118.969,   11,    0.300,  973.982,    5,    2.454,  396.941,   10,    1.000,  959.813,   23,    2.418, 4.83E+04,    9,  121.560, 3.62E+03,   40,    9.127, 1.77E+03,   35,    4.456,    0.000,  999,    0.000, 1.61E+03,   25,    4.060,    0.000,  999,    0.000,    0.000,  999,    0.000, 4.57E+03,   33,   11.521, 5.10E+03,   21,   12.858, 5.19E+04,    8,  130.688, 5.64E+04,    6,  142.209, 1.77E+03,   35,    4.456, 1.61E+03,   25,    4.060
 10,   4,  106.082,  110,  8.2E-02,    0.000,  999,    0.000,  282.151,   78,    0.217, 1.02E+03,   22,    0.783,   55.006,  235,  4.2E-02,  218.852,   58,    0.168,  447.728,   52,    0.344, 1.18E+03,   24,    0.905,  424.470,    5,    0.327,    0.000,  999,    0.000,  334.776,   22,    0.258,  824.138,   32,    0.634,  517.626,   28,    0.398, 1.81E+03,    3,    1.389,    0.000,  999,    0.000,  128.887,   20,  9.9E-02,  337.537,   55,    0.260,    7.892,  999,  6.1E-03,  424.470,    5,    0.327, 1.81E+03,    3,    1.389, 1.30E+03,    4,    1.000, 1.62E+03,   25,    1.249,    0.000,  999,    0.000,  817.049,   12,    0.629,   27.446,  297,  2.1E-02,  677.712,   23,    0.521,  105.241,   55,  8.1E-02, 1.02E+03,   23,    0.787,  196.845,   27,    0.151,  891.370,   15,    0.686,  395.625,   24,    0.304,  817.049,   12,    0.629, 1.91E+03,   10,    1.466,  705.158,   21,    0.543, 1.13E+03,   21,    0.868
 10,  12,   54.699,   88,    0.188,   50.364,  142,    0.173,    0.000,  999,    0.000,  291.180,   10,    1.000,    0.000,  999,    0.000,   64.774,   69,    0.222,  109.006,   87,    0.374,  465.403,   24,    1.598,   90.200,   12,    0.310,    0.000,  999,    0.000,   50.223,   69,    0.172,  249.754,   48,    0.858,    8.207,  632,  2.8E-02,  590.581,    6,    2.028,    0.000,  999,    0.000,   36.407,   31,    0.125,   81.136,   88,    0.279,  136.553,   34,    0.469,   90.200,   12,    0.310,  590.581,    6,    2.028,  291.180,   10,    1.000,  574.409,   25,    1.973, 2.32E+04,    4,   79.653,    0.000,  999,    0.000,    0.000,  999,    0.000,    0.000,  999,    0.000,   51.568,  554,    0.177,   48.236,  367,    0.166,    0.000,  999,    0.000,  539.019,   35,    1.851,    0.000,  999,    0.000, 2.32E+04,    4,   79.653, 2.37E+04,    4,   81.504,    0.000,  999,    0.000,   99.805,  233,    0.343
 11,   4,  188.750,   52,    0.301,   71.763,  159,    0.114,  627.525,    7,    1.000,    0.000,  999,    0.000,   83.569,   89,    0.133,   30.785,  234,  4.9E-02,  544.792,   40,    0.868, 1.19E+03,   22,    1.904,  207.080,    8,    0.330,    0.000,  999,    0.000,  421.424,   15,    0.672,  980.775,   26,    1.563,    0.000,  999,    0.000,  952.903,    5,    1.519,    0.000,  999,    0.000,   58.481,   32,  9.3E-02,   72.084,  162,    0.115,  113.444,   72,    0.181,  207.080,    8,    0.330,  952.903,    5,    1.519,  627.525,    7,    1.000, 1.74E+03,   23,    2.772,    0.000,  999,    0.000,    0.000,  999,    0.000, 5.54E-03,  999,  8.8E-06,  621.044,   21,    0.990,    0.000,  999,    0.000,  493.313,   52,    0.786,   32.266,  303,  5.1E-02, 1.46E+03,   13,    2.327,  779.896,   21,    1.243,    0.000,  999,    0.000, 1.49E+03,   15,    2.378,  621.049,   21,    0.990,  493.313,   52,    0.786
 11,  12,    3.910,  227,    0.120,    6.925,   22,    0.212,   32.609,   18,    1.000,    0.000,  999,    0.000,    4.159,   22,    0.128,    4.179,   22,    0.128,    3.275,  559,    0.100,   41.696,   48,    1.279,    0.000,  999,    0.000,   10.907,   22,    0.334,    0.000,  999,    0.000,    0.860,  999,  2.6E-02,   29.413,   39,    0.902,   41.872,   18,    1.284,   31.717,   24,    0.973,    1.390,   22,  4.3E-02,    6.920,   22,    0.212,    3.751,   60,    0.115,   10.907,   22,    0.334,   73.590,   14,    2.257,   32.609,   18,    1.000,   44.972,   57,    1.379, 2.30E+04,    3,  705.534,   93.943,  141,    2.881,   70.797,  290,    2.171,  184.529,   57,    5.659,    0.000,  999,    0.000,    0.000,  999,    0.000,   50.992,  107,    1.564,  603.128,   27,   18.496,  441.707,   24,   13.546, 2.31E+04,    2,  708.415, 2.38E+04,    2,  728.475,  255.326,   68,    7.830,    0.000,  999,    0.000
 12,   4,  162.031,  167,    0.313,   59.323,  182,    0.114,  518.260,   11,    1.000,    0.000,  999,    0.000,   46.806,  145,  9.0E-02,   41.348,  162,  8.0E-02, 7.49E+03,   10,   14.457, 9.81E+03,    9,   18.935,  168.549,   14,    0.325,    0.000,  999,    0.000,    0.000,  999,    0.000, 1.16E+03,   29,    2.246, 1.01E+03,   34,    1.956,   44.330,  282,  8.6E-02,  663.324,   21,    1.280,   41.507,   49,  8.0E-02,  129.653,   85,    0.250,    0.000,  999,    0.000,  168.549,   14,    0.325,  707.654,    9,    1.365,  518.260,   11,    1.000, 1.73E+04,    9,   33.392, 3.16E+03,   14,    6.094,    0.000,  999,    0.000,  748.671,   24,    1.445,    0.000,  999,    0.000,  431.910,   36,    0.833,    0.000,  999,    0.000,    0.000,  999,    0.000,  314.275,   67,    0.606,    0.000,  999,    0.000, 3.16E+03,   14,    6.094, 3.47E+03,   13,    6.700,  748.671,   24,    1.445,  431.910,   36,    0.833
 12,   5,    0.000,  999,    0.000,    0.000,  999,    0.000,  770.123,    6,    1.000,    0.000,  999,    0.000,   53.765,  182,  7.0E-02,    0.000,  999,    0.000,  496.258,   43,    0.644,  967.792,   25,    1.257,  309.666,    6,    0.402,    0.000,  999,    0.000,  320.627,   19,    0.416,  970.735,   27,    1.260,  173.199,   60,    0.225, 1.07E+03,    7,    1.389,  149.069,   52,    0.194,   82.575,   26,    0.107,    0.000,  999,    0.000,   43.207,  199,  5.6E-02,  309.666,    6,    0.402, 1.22E+03,    5,    1.583,  770.123,    6,    1.000, 1.46E+03,   26,    1.901,    0.000,  999,    0.000,    0.000,  999,    0.000,    0.000,  999,    0.000,  637.250,   22,    0.827,    0.000,  999,    0.000,  342.373,   94,    0.445,  451.723,   28,    0.587,    0.000,  999,    0.000,  907.630,   19,    1.179,    0.000,  999,    0.000,  451.723,   28,    0.587,  637.250,   22,    0.827,  342.373,   94,    0.445
 12,   6,   25.938,  317,  2.5E-02,    0.000,  999,    0.000,  118.741,  141,    0.114,  923.908,   19,    0.886,    0.000,  999,    0.000,  182.093,   59,    0.175,  686.431,   26,    0.658,  948.674,   21,    0.910,  387.742,    4,    0.372,    0.000,  999,    0.000,  313.134,   18,    0.300, 1.44E+03,   15,    1.385,   55.655,  174,  5.3E-02, 1.39E+03,    4,    1.333,   62.275,  112,  6.0E-02,  111.782,   19,    0.107,  168.805,   98,    0.162,  345.998,   25,    0.332,  387.742,    4,    0.372, 1.45E+03,    3,    1.392, 1.04E+03,    4,    1.000, 1.64E+03,   19,    1.568,  866.912,   51,    0.831,   52.832,  252,  5.1E-02,  285.888,   44,    0.274,  208.401,   62,    0.200,  133.779,   62,    0.128,  256.785,   90,    0.246,   60.990,  127,  5.8E-02,    0.000,  999,    0.000,    0.000,  999,    0.000,  919.744,   37,    0.882,  980.734,   34,    0.941,  494.289,   24,    0.474,  390.564,   58,    0.375
 12,   7,  103.219,   96,    0.101,  255.666,   59,    0.251,    0.000,  999,    0.000, 1.02E+03,    4,    1.000,    0.000,  999,    0.000,  188.439,   53,    0.185,  725.201,   31,    0.712, 1.30E+03,   19,    1.277,  341.798,    5,    0.335,    0.000,  999,    0.000,  337.908,   17,    0.332,  787.538,   24,    0.773,    0.000,  999,    0.000, 1.37E+03,    7,    1.341,    4.097,  999,  4.0E-03,   75.907,   26,  7.4E-02,  113.387,  120,    0.111,    0.000,  999,    0.000,  341.798,    5,    0.335, 1.37E+03,    4,    1.345, 1.02E+03,    4,    1.000, 2.03E+03,   19,    1.989, 2.45E+03,    9,    2.404,    0.000,  999,    0.000,    0.000,  999,    0.000,  368.683,   25,    0.362,  308.308,   58,    0.303,  590.168,   27,    0.579,  112.771,   34,    0.111,  365.035,   34,    0.358,  269.241,   28,    0.264, 2.45E+03,    9,    2.404, 2.93E+03,    7,    2.873,  368.683,   25,    0.362,  898.476,   23,    0.882
 12,   8,  151.397,   67,    0.115,   95.072,  182,  7.2E-02,  296.029,   68,    0.224, 1.03E+03,   20,    0.776,    0.000,  999,    0.000,    0.000,  999,    0.000,  323.531,   69,    0.245, 1.15E+03,   22,    0.868,  427.992,    4,    0.324,    0.000,  999,    0.000,  502.352,   12,    0.380, 1.28E+03,   16,    0.967,    0.000,  999,    0.000, 1.42E+03,    8,    1.072,  278.892,   41,    0.211,   65.930,   31,  5.0E-02,    0.000,  999,    0.000,    0.000,  999,    0.000,  427.992,    4,    0.324, 1.70E+03,    4,    1.282, 1.32E+03,    3,    1.000, 1.47E+03,   27,    1.112,  868.009,   55,    0.656,  164.422,  173,    0.124,  184.705,   91,    0.140,  534.906,   33,    0.405,   90.229,  138,  6.8E-02, 1.06E+03,   24,    0.798,  175.915,   59,    0.133,  307.548,   69,    0.233,  416.710,   31,    0.315, 1.03E+03,   29,    0.781, 1.52E+03,   15,    1.146,  719.611,   16,    0.544, 1.15E+03,   22,    0.866
 12,   9,    0.000,  999,    0.000,    0.000,  999,    0.000,  407.084,   43,    0.315,  886.493,   21,    0.685,    0.000,  999,    0.000,    0.000,  999,    0.000,  462.633,   39,    0.358, 1.18E+03,   17,    0.911,  414.458,    4,    0.320,    0.000,  999,    0.000,  317.112,   16,    0.245,  628.901,   29,    0.486,    0.000,  999,    0.000, 1.52E+03,    7,    1.175,  299.060,   37,    0.231,   26.293,   74,  2.0E-02,    0.000,  999,    0.000,    0.000,  999,    0.000,  414.458,    4,    0.320, 1.82E+03,    3,    1.406, 1.29E+03,    3,    1.000, 1.64E+03,   19,    1.269,  500.965,   49,    0.387,    0.000,  999,    0.000,  100.466,  111,  7.8E-02,  733.759,   21,    0.567,   85.389,   87,  6.6E-02, 1.40E+03,   18,    1.079,  268.303,   40,    0.207,  126.924,  144,  9.8E-02,  512.067,   27,    0.396,  500.965,   49,    0.387,  896.192,   26,    0.693,  834.225,   15,    0.645, 1.48E+03,   17,    1.145
 12,  10,  120.062,   62,    0.144,    0.000,  999,    0.000,    0.000,  999,    0.000,  836.364,    4,    1.000,    0.000,  999,    0.000,    3.791,  999,  4.5E-03,  547.416,   28,    0.655,  801.302,   21,    0.958,  261.759,    5,    0.313,    0.000,  999,    0.000,  213.777,   21,    0.256,  333.480,   45,    0.399,   35.581,  230,  4.3E-02, 1.18E+03,    3,    1.415,    0.000,  999,    0.000,   26.106,   56,  3.1E-02,    0.000,  999,    0.000,    0.000,  999,    0.000,  261.759,    5,    0.313, 1.18E+03,    3,    1.415,  836.364,    4,    1.000, 1.35E+03,   19,    1.613,  718.301,   39,    0.859,    0.000,  999,    0.000,  129.391,   96,    0.155,  630.310,   23,    0.754,  143.454,   58,    0.172, 1.08E+03,   19,    1.289,  258.686,   41,    0.309,  923.077,   20,    1.104,  364.177,   22,    0.435,  718.301,   39,    0.859, 1.90E+03,   12,    2.272,  759.701,   14,    0.908, 1.22E+03,   17,    1.460
 12,  11,   53.186,  105,    0.221,   27.294,  182,    0.114,  240.148,   12,    1.000,    0.000,  999,    0.000,   10.197,  293,  4.2E-02,   29.917,  101,    0.125,    0.000,  999,    0.000,  138.853,   85,    0.578,   94.733,   11,    0.394,    0.000,  999,    0.000,   87.289,   43,    0.363,  394.908,   32,    1.644,   23.021,  260,  9.6E-02,    0.000,  999,    0.000,  264.048,   11,    1.100,   11.995,   73,  5.0E-02,   72.100,   68,    0.300,  252.549,   18,    1.052,   94.733,   11,    0.394,  264.048,   11,    1.100,  240.148,   12,    1.000,  138.853,   85,    0.578, 5.64E+03,   18,   23.506,    0.000,  999,    0.000,  120.600,  117,    0.502,    0.000,  999,    0.000,    0.000,  999,    0.000,    0.000,  999,    0.000,   82.497,  247,    0.344, 2.63E+03,   23,   10.970,  838.495,   32,    3.492, 5.64E+03,   18,   23.506, 8.36E+03,    8,   34.820,  120.600,  117,    0.502,    0.000,  999,    0.000
 12,  12,   29.220,  118,    0.299,    9.608,  269,  9.8E-02,    0.000,  999,    0.000,   97.711,   21,    1.000,   10.908,  142,    0.112,   16.588,   95,    0.170,   52.828,  122,    0.541,  202.001,   39,    2.067,   37.772,   20,    0.387,    0.000,  999,    0.000,   33.708,   70,    0.345,   82.364,   97,    0.843,    0.000,  999,    0.000,  163.032,   16,    1.669,    0.000,  999,    0.000,    6.810,   70,  7.0E-02,   29.826,   84,    0.305,   13.866,  185,    0.142,   37.772,   20,    0.387,  163.032,   16,    1.669,   97.711,   21,    1.000,  254.829,   40,    2.608, 1.52E+04,    2,  155.838,    0.000,  999,    0.000,    0.000,  999,    0.000,  419.818,   24,    4.297,    0.000,  999,    0.000,  239.968,   61,    2.456,  128.874,   49,    1.319,  607.125,   32,    6.213,  391.753,   32,    4.009, 1.52E+04,    2,  155.838, 1.60E+04,    2,  163.371,  419.818,   24,    4.297,  239.968,   61,    2.456
  3,   3,    0.000,  999,    0.000,   91.698,  103,    0.000,    0.000,  999,    0.000,    0.000,  999,    0.000,   48.024,  119,    0.000,   58.376,   97,    0.000, 4.66E+03,   27,    0.000, 3.12E+03,   49,    0.000,    0.000,  999,    0.000,    0.000,  999,    0.000,    0.000,  999,    0.000,  438.276,  106,    0.000,    0.000,  999,    0.000, 1.74E+03,   10,    0.000,    0.000,  999,    0.000,   29.412,   62,    0.000,  116.505,   81,    0.000,    0.000,  999,    0.000,    0.000,  999,    0.000, 1.74E+03,   10,    0.000,    0.000,  999,    0.000, 7.78E+03,   32,    0.000, 1.45E+04,   13,    0.000,  196.145,  246,    0.000, 1.58E+04,   12,    0.000, 1.31E+04,    9,    0.000, 4.67E+03,   22,    0.000, 1.13E+04,   11,    0.000, 1.76E+04,   10,    0.000, 9.16E+03,   12,    0.000,  395.180,   89,    0.000, 1.47E+04,   12,    0.000, 4.14E+04,    5,    0.000, 2.90E+04,    9,    0.000, 1.59E+04,    7,    0.000
  3,   4, 8.39E+03,   19,   19.969,   56.202,   30,    0.134,  419.976,   21,    1.000,    0.000,  999,    0.000,   33.429,   31,  8.0E-02,   34.134,   30,  8.1E-02, 1.80E+03,   58,    4.280, 1.51E+03,   92,    3.607,    0.000,  999,    0.000,  233.940,   17,    0.557,  344.323,   59,    0.820, 1.72E+03,   27,    4.096, 1.21E+03,  152,    2.893,    0.000,  999,    0.000,    0.000,  999,    0.000,   11.864,   29,  2.8E-02,   58.351,   29,    0.139,   41.039,   49,  9.8E-02,  233.940,   17,    0.557,    0.000,  999,    0.000,  419.976,   21,    1.000, 3.31E+03,   68,    7.887, 3.05E+04,    6,   72.579,    0.000,  999,    0.000, 9.21E+03,    8,   21.937,    0.000,  999,    0.000,    0.000,  999,    0.000,    0.000,  999,    0.000,  204.794,  311,    0.488, 1.62E+04,    9,   38.540, 3.32E+03,   15,    7.910, 3.05E+04,    6,   72.579, 4.69E+04,    4,  111.607, 9.21E+03,    8,   21.937,    0.000,  999,    0.000
  3,   5,  422.166,   68,    0.606,    0.000,  999,    0.000,    0.000,  999,    0.000,  697.082,   31,    1.000,    0.000,  999,    0.000,    4.702,  999,  6.7E-03, 1.70E+03,   50,    2.435, 3.60E+03,   30,    5.170,  190.198,   14,    0.273,    0.000,  999,    0.000,   78.622,  152,    0.113,    0.000,  999,    0.000,    0.000,  999,    0.000,  734.177,   10,    1.053,    0.000,  999,    0.000,   20.874,  125,  3.0E-02,   11.058,  999,  1.6E-02,    0.000,  999,    0.000,  190.198,   14,    0.273,  734.177,   10,    1.053,  697.082,   10,    1.000, 5.30E+03,   34,    7.604,    0.000,  999,    0.000,  116.116,   72,    0.167,    0.000,  999,    0.000, 1.02E+03,   16,    1.469,    0.000,  999,    0.000, 1.42E+03,   18,    2.043,  304.635,   18,    0.437, 1.08E+03,   12,    1.548,  585.103,   14,    0.839,  116.116,   72,    0.167, 1.50E+03,   13,    2.151, 1.02E+03,   16,    1.469, 1.42E+03,   18,    2.043
  3,   6,  281.981,   55,    0.206,    0.000,  999,    0.000,  322.207,   67,    0.235, 1.05E+03,   21,    0.765,  142.758,   95,    0.104,    0.000,  999,    0.000,  491.922,   65,    0.359, 1.51E+03,   24,    1.101,  389.150,    5,    0.284,    0.000,  999,    0.000,  343.103,   22,    0.250,    0.000,  999,    0.000,    0.000,  999,    0.000, 1.62E+03,    7,    1.179,   40.353,  281,  2.9E-02,   15.708,  158,  1.1E-02,    0.000,  999,    0.000,    0.000,  999,    0.000,  389.150,    5,    0.284, 1.66E+03,    5,    1.208, 1.37E+03,    4,    1.000, 2.00E+03,   28,    1.459,    0.000,  999,    0.000,  821.327,   12,    0.599,  103.997,   95,  7.6E-02,  796.809,   19,    0.581,  160.489,   43,    0.117, 1.37E+03,   20,    1.000,  238.302,   37,    0.174, 1.55E+03,   13,    1.130,  617.238,   24,    0.450,  821.327,   12,    0.599, 2.61E+03,    9,    1.903,  900.806,   15,    0.657, 1.53E+03,   18,    1.117
  3,   7,  109.601,  111,  9.0E-02,   16.132,  999,  1.3E-02,  838.796,   27,    0.692,  373.710,   61,    0.308,    0.000,  999,    0.000,    0.000,  999,    0.000,  593.063,   40,    0.489, 1.20E+03,   22,    0.987,  416.390,    5,    0.343,    0.000,  999,    0.000,  338.768,   22,    0.279,  196.766,  135,    0.162,    1.693,  999,  1.4E-03, 1.45E+03,    8,    1.195,  244.944,   51,    0.202,   22.807,  113,  1.9E-02,    0.000,  999,    0.000,   52.012,  213,  4.3E-02,  416.390,    5,    0.343, 1.69E+03,    5,    1.397, 1.21E+03,    5,    1.000, 1.79E+03,   22,    1.476,    0.000,  999,    0.000, 1.12E+03,   15,    0.922,  268.350,   48,    0.221, 1.60E+03,   17,    1.319,  161.455,   56,    0.133, 3.87E+03,   12,    3.194,    0.000,  999,    0.000, 2.30E+03,   21,    1.894, 1.84E+03,   21,    1.515, 1.12E+03,   15,    0.922, 3.41E+03,   12,    2.816, 1.87E+03,   13,    1.540, 4.03E+03,   12,    3.327
  3,   8,   39.800,  238,  4.5E-02,   22.878,  618,  2.6E-02,  690.811,   27,    0.773,  202.707,   91,    0.227,   52.444,  172,  5.9E-02,    0.000,  999,    0.000,  484.048,   42,    0.542, 1.13E+03,   21,    1.270,  277.979,    6,    0.311,    0.000,  999,    0.000,  304.666,   20,    0.341,   60.200,  332,  6.7E-02,   10.323,  999,  1.2E-02,  862.966,   10,    0.966,  293.501,   33,    0.328,    0.000,  999,    0.000,    0.000,  999,    0.000,    0.000,  999,    0.000,  277.979,    6,    0.311, 1.16E+03,    6,    1.294,  893.518,    5,    1.000, 1.62E+03,   21,    1.812, 2.78E+03,   20,    3.107,  240.730,   78,    0.269,    0.000,  999,    0.000, 1.16E+03,   16,    1.295,  520.874,   54,    0.583, 2.30E+03,   15,    2.573,  361.405,   34,    0.404,  645.016,   55,    0.722,  456.804,   42,    0.511, 3.02E+03,   18,    3.377, 4.02E+03,   11,    4.503, 1.16E+03,   16,    1.295, 2.82E+03,   12,    3.156
  3,   9,   90.406,  116,  7.2E-02,   38.752,  431,  3.1E-02,  499.635,   41,    0.400,  749.429,   27,    0.600,  105.295,  108,  8.4E-02,    0.000,  999,    0.000,  659.848,   35,    0.528, 1.16E+03,   23,    0.925,  368.066,    5,    0.295,    0.000,  999,    0.000,  458.729,   14,    0.367,  266.474,   78,    0.213,    0.000,  999,    0.000, 1.35E+03,    7,    1.079,  139.579,   76,    0.112,    0.000,  999,    0.000,    0.000,  999,    0.000,    0.000,  999,    0.000,  368.066,    5,    0.295, 1.49E+03,    4,    1.191, 1.25E+03,    4,    1.000, 1.82E+03,   23,    1.453, 4.90E+03,   12,    3.919,    0.000,  999,    0.000,    0.000,  999,    0.000,  863.432,   18,    0.691,  743.593,   35,    0.595, 1.82E+03,   16,    1.458,  292.619,   36,    0.234, 1.26E+03,   26,    1.010,  659.980,   29,    0.528, 4.90E+03,   12,    3.919, 6.45E+03,    8,    5.163,  863.432,   18,    0.691, 2.57E+03,   13,    2.054
  3,  10,  437.180,   32,    0.537,   39.240,  361,  4.8E-02,    0.000,  999,    0.000,  814.683,    9,    1.000,    0.000,  999,    0.000,   24.506,  360,  3.0E-02,  533.515,   55,    0.655,  889.975,   37,    1.092,  236.541,   11,    0.290,    0.000,  999,    0.000,  271.090,   31,    0.333,  349.823,   81,    0.429,    0.000,  999,    0.000,  979.924,    8,    1.203,    0.000,  999,    0.000,    0.000,  999,    0.000,    0.000,  999,    0.000,  215.347,   50,    0.264,  236.541,   11,    0.290,  979.924,    8,    1.203,  814.683,    9,    1.000, 1.42E+03,   36,    1.747,    0.000,  999,    0.000,    0.000,  999,    0.000,    0.000,  999,    0.000,  678.027,   28,    0.832,    0.000,  999,    0.000,    0.000,  999,    0.000,    0.000,  999,    0.000, 5.06E+03,    4,    6.208, 3.90E+03,   12,    4.791,    0.000,  999,    0.000, 5.06E+03,    4,    6.208,  678.027,   28,    0.832,    0.000,  999,    0.000
  3,  11,  217.867,   55,    2.940,   17.447,   27,    0.235,    0.000,  999,    0.000,   74.111,   59,    1.000,   10.467,   27,    0.141,   10.467,   27,    0.141,  782.688,   28,   10.561,    0.000,  999,    0.000,    0.000,  999,    0.000,   33.423,   48,    0.451,    0.000,  999,    0.000,    0.000,  999,    0.000,  545.799,   34,    7.365,  174.544,   37,    2.355,    0.000,  999,    0.000,    3.489,   27,  4.7E-02,   17.446,   27,    0.235,    7.414,   66,    0.100,   33.423,   48,    0.451,  174.544,   37,    2.355,   74.111,   59,    1.000,  782.688,   28,   10.561, 8.25E+04,    5,  1.1E+03, 6.19E+03,   49,   83.488,    0.000,  999,    0.000,  487.934,   50,    6.584, 2.30E+03,   19,   31.021,    0.000,  999,    0.000,  157.408,  123,    2.124, 2.75E+03,   24,   37.079, 1.58E+03,   27,   21.295, 8.87E+04,    5,  1.2E+03, 9.16E+04,    5,  1.2E+03,  487.934,   50,    6.584, 2.30E+03,   19,   31.021
  3,  12, 2.45E+03,   25,   28.252,  106.860,   82,    1.232,   86.738,  115,    1.000,    0.000,  999,    0.000,   40.555,  131,    0.468,   55.388,   96,    0.639, 1.30E+04,    6,  149.915,    0.000,  999,    0.000,    0.000,  999,    0.000,   78.539,   41,    0.905,    0.000,  999,    0.000, 1.01E+03,   37,   11.683,    0.000,  999,    0.000, 1.31E+03,   12,   15.112,    0.000,  999,    0.000,   22.056,   78,    0.254,  135.342,   64,    1.560,    0.000,  999,    0.000,   78.539,   41,    0.905, 1.31E+03,   12,   15.112,   86.738,  115,    1.000, 1.30E+04,    6,  149.915, 2.62E+05,    1,  3.0E+03, 8.85E+03,    2,  102.057, 2.21E+04,   18,  254.840,    0.000,  999,    0.000, 4.09E+03,   24,   47.207, 8.01E+03,   15,   92.324,  225.728,  633,    2.602,    0.000,  999,    0.000, 1.31E+03,   41,   15.081, 2.71E+05,    1,  3.1E+03, 2.71E+05,    1,  3.1E+03, 2.21E+04,   18,  254.840, 1.21E+04,    8,  139.530
  3,  13,    0.000,  999,    0.000,   25.317,  999,    0.000,    0.000,  999,    0.000,    0.000,  999,    0.000,    0.000,  999,    0.000,   75.671,  263,    0.000,    0.000,  999,    0.000,  335.992,  209,    0.000,    0.000,  999,    0.000,    0.000,  999,    0.000,   19.554,  746,    0.000,  487.049,   96,    0.000, 1.16E+04,   17,    0.000,  383.598,   43,    0.000,  140.298,  100,    0.000,   20.104,  207,    0.000,    0.000,  999,    0.000,    0.000,  999,    0.000,    0.000,  999,    0.000,  523.896,   27,    0.000,    0.000,  999,    0.000,  335.992,  209,    0.000,    0.000,  999,    0.000, 3.87E+04,    5,    0.000, 6.36E+04,    9,    0.000, 6.30E+04,    9,    0.000,    0.000,  999,    0.000, 2.88E+04,    9,    0.000, 6.73E+04,   12,    0.000,    0.000,  999,    0.000, 2.43E+04,   10,    0.000, 3.87E+04,    5,    0.000, 1.06E+05,    6,    0.000, 1.27E+05,    5,    0.000, 2.88E+04,    9,    0.000
